id,location,frequency,popularity,duration_ms,danceability,energy,key,loudness,mode,speechiness,acousticness,instrumentalness,liveness,valence,tempo,time_signature
1lEk3U3MzbDeL5MNHkE9JU,church,18,70,349587,0.256,0.564,11,-6.496,1,0.0366,0.00274,0.0,0.743,0.152,139.914,3
0rH0mprtecH3grD9HFM5AD,church,16,72,333386,0.572,0.685,6,-7.29,1,0.0356,0.0291,0.0,0.0963,0.232,110.698,4
1mWdyqs6Zvg8b1lKjDc8yB,church,13,68,293398,0.429,0.587,9,-4.588,1,0.0275,0.315,0.0,0.108,0.164,145.003,3
3BDpn2Vivr1BFhlGsYs5tp,church,12,65,491691,0.303,0.478,7,-7.851,1,0.0352,0.371,0.0,0.131,0.117,139.795,4
40ozK0lCJ0EQzVGWsCNUhk,church,12,68,503240,0.432,0.524,4,-8.721,1,0.0321,0.0289,0.0,0.682,0.183,135.956,4
3iOpiHDobxZO7S4p9Y2Fgu,church,12,68,398333,0.347,0.508,10,-7.555,1,0.0297,0.0119,0.0,0.595,0.159,171.827,4
0jOSpB2zK2O0SNxj8ZT5lp,church,11,66,305427,0.318,0.573,1,-5.653,1,0.0324,0.107,0.0,0.0854,0.0765,156.054,4
4EHWldZTas5KUyFtT0rQlY,church,11,67,205667,0.457,0.451,10,-6.997,1,0.029,0.517,0.0,0.0928,0.185,74.923,4
40lKptao1hxVqA7fd1OOGp,church,10,65,285160,0.509,0.778,11,-3.608,1,0.0295,0.00998,0.0,0.19,0.216,105.066,4
0aZFEiDKLK2B4gzPaGCZVm,church,10,20,646239,0.361,0.423,10,-11.697,1,0.0375,0.283,6.38e-05,0.0942,0.238,114.66,4
5Mw9bXG1dLNhbjofkVS2oR,church,9,70,535963,0.262,0.361,2,-10.187,1,0.0333,0.508,0.00268,0.108,0.056,126.786,4
0fxpHpK3aw2nFWII6yveDD,church,9,69,342493,0.431,0.485,7,-8.085,1,0.0274,0.452,0.0,0.544,0.367,145.22,4
0lVYRIVjK77Z6uG2GgM8Kl,church,9,3,248253,0.407,0.612,4,-5.359,1,0.0496,0.0909,0.0,0.0914,0.133,159.527,4
0bHcGi6iafYk4TUrqvDYya,church,9,16,732554,0.342,0.18,4,-14.847,1,0.0364,0.872,4.29e-06,0.145,0.211,123.979,4
0YxrPdW9NpNFtqh7Fw0rva,church,9,66,470880,0.452,0.866,1,-4.431,1,0.04,0.0041,0.0,0.134,0.291,81.972,4
1wuqCUWHniGdEmOKZbQ1cg,church,9,63,405914,0.124,0.437,2,-8.21,1,0.0409,0.0128,0.0,0.12,0.103,80.889,5
2BuhGnXpqMQ8BvOUZpmaVl,church,8,61,568787,0.381,0.505,7,-6.478,1,0.0278,0.293,4.27e-06,0.72,0.0869,140.995,4
1xI9KSGNJB2eka8FMvovvi,church,8,61,242227,0.469,0.566,7,-6.966,1,0.0357,0.34,0.0,0.203,0.292,73.047,4
3gtqd9P8kZblHf4I7Ybub2,church,8,66,363231,0.345,0.747,10,-6.92,1,0.053,0.00214,0.0,0.0928,0.215,154.739,4
1GtmiINnAu5K2VEqyh1Xdc,church,8,61,467053,0.403,0.557,1,-6.018,1,0.0314,0.00858,0.0,0.72,0.203,73.998,4
1yYUIjT3bZ9RB9vejqYy9f,church,7,60,341080,0.396,0.521,2,-7.093,1,0.0312,0.0101,0.0,0.884,0.126,135.742,4
5C64H6dEsQ15bS9gp0D3Xr,church,7,0,279787,0.512,0.814,10,-5.467,1,0.0327,0.0042,0.0,0.0991,0.273,97.997,4
4KLj9QjEhJl2WU50mxRF9Z,church,7,67,238200,0.424,0.506,2,-5.877,1,0.0284,0.201,0.0,0.11,0.138,135.902,4
4PYOh644yKjYyvyVUHqcof,church,7,62,290413,0.39,0.457,9,-7.915,1,0.0327,0.0874,8.9e-06,0.123,0.145,143.977,3
6TbG237Ir0ublbxXq2T3Yp,church,7,58,581177,0.228,0.297,6,-12.664,1,0.0358,0.646,1.53e-06,0.123,0.0903,135.028,1
1sF4VadVaVTvp9WTEy79JT,church,7,67,234731,0.43,0.708,0,-7.14,1,0.0336,0.0561,0.0,0.704,0.243,75.024,4
4wc8FpW9XCUaoxtii3CiCf,church,7,63,452499,0.254,0.753,11,-6.669,1,0.0544,0.0047,0.0,0.931,0.133,139.804,3
4908mwb34dqgcaxHeFjitw,church,7,9,211600,0.437,0.647,9,-5.371,1,0.0371,0.0178,0.0,0.106,0.218,176.032,4
6r0WuK50Lpu9u460x84oBn,church,7,61,515387,0.36,0.608,1,-7.811,1,0.0309,0.065,0.0,0.43,0.21,144.004,4
35GACeX8Zl55jp29xFbvvo,church,7,64,309093,0.329,0.682,0,-6.374,1,0.0526,0.221,0.0,0.19,0.162,148.029,4
2MnLkFqY9Rpg9s3Zv6ZJdK,church,7,85,197333,0.727,0.546,0,-4.572,1,0.0437,0.656,0.0,0.122,0.69,106.891,4
5t0izTLPeWYLiIfHPJbORJ,church,7,2,385053,0.282,0.251,4,-10.648,0,0.0315,0.699,1.47e-05,0.11,0.11,129.826,4
2lIB1TU0Cqnc6RuYDjc92z,church,7,63,423193,0.367,0.463,11,-7.638,1,0.0335,0.121,1.04e-05,0.0983,0.187,139.996,4
4asTccqkv3G7KSKdy7QGED,church,7,50,241933,0.69,0.482,7,-8.246,1,0.0273,0.405,0.0,0.152,0.386,122.898,4
5W9Al2ewPfzbWHOV2BAtBR,church,6,63,267067,0.471,0.164,7,-10.879,1,0.0324,0.833,0.0,0.101,0.17,125.242,4
6aRwLqDf1bN3lI2gMd6wXp,church,6,60,339493,0.378,0.596,5,-5.406,1,0.0323,0.0182,1.14e-05,0.144,0.172,135.968,3
1Hv54MWloXiAZDam1ez840,church,6,58,296343,0.472,0.351,9,-8.996,1,0.0326,0.589,0.0,0.0821,0.0611,144.01,3
5VUQsLff8A3ruAyCdTxqzg,church,6,67,335907,0.545,0.472,11,-7.552,1,0.0279,0.434,0.0,0.0684,0.193,134.027,4
2FJYXPlTmFPAjTwPS1bMnw,church,6,61,306253,0.367,0.739,11,-7.987,1,0.0411,0.103,0.0,0.0912,0.328,175.877,4
6Up545NUflOiXo8cEraH49,church,6,78,274693,0.494,0.632,5,-6.89,1,0.0342,0.682,0.0,0.0869,0.0797,147.873,4
4ElNxglBjcrASiGn58t9Jm,church,6,67,229760,0.597,0.417,2,-7.952,1,0.0502,0.395,8.35e-06,0.128,0.263,143.839,4
0KNvJzxdbslBddN27BEhfm,church,6,67,217680,0.51,0.644,6,-5.567,1,0.0341,0.0821,0.0,0.191,0.293,76.001,4
6fdglWE2qycjtz0JlW94HW,church,6,63,432053,0.453,0.758,8,-7.681,1,0.0541,0.03,2.03e-06,0.181,0.184,75.918,4
4LnHfZGEitmIVS17wndaUI,church,6,63,244040,0.42,0.823,1,-4.889,1,0.0434,0.00985,0.0,0.103,0.517,163.997,4
2UeOsbOZ3h1QxUX2Jfw42j,church,6,66,244893,0.431,0.591,8,-6.198,1,0.0298,0.112,0.0,0.129,0.274,144.012,4
0UXlu64mDLvfzR8IXMz06J,church,6,88,185723,0.588,0.452,7,-4.75,1,0.0268,0.437,0.0,0.344,0.734,139.953,4
1xO7tp4J5Wj0NeKrzIpd1V,church,6,84,198529,0.704,0.482,9,-5.352,1,0.0349,0.211,0.0,0.3,0.604,102.01,4
1ed3wNCecRIp6SugyR0w2J,church,6,65,411000,0.431,0.416,9,-10.376,1,0.0296,0.0462,2.01e-06,0.144,0.177,127.964,4
6JV2JOEocMgcZxYSZelKcc,church,6,80,236002,0.666,0.83,0,-5.715,1,0.0751,0.0123,0.0,0.191,0.702,113.03,4
4tZccDFqoZp8IN7VUnsJ9K,church,6,51,253200,0.646,0.647,7,-7.669,1,0.0255,0.0717,0.0,0.216,0.68,136.001,4
16SRNSAeMHcBZY1v30ZX5a,church,6,38,255747,0.53,0.528,9,-9.353,1,0.0255,0.549,7.59e-06,0.721,0.423,136.05,3
7vbGO3jX627bSq7rgTeWfJ,church,5,62,360188,0.431,0.382,6,-8.367,0,0.0308,0.615,0.00164,0.16,0.0576,129.857,4
2FecajnvuUaZGV0WK9xayz,church,5,0,386250,0.421,0.343,9,-9.316,1,0.0304,0.788,1.79e-05,0.146,0.191,125.018,4
14HrSWGYPCDwqAcVFUYKsq,church,5,58,348893,0.443,0.819,11,-6.61,1,0.0615,0.00338,0.016,0.696,0.0983,116.033,4
0CbDc6JeCKQGYVAI89abdm,church,5,64,219427,0.618,0.591,11,-7.666,1,0.0364,0.291,0.0,0.121,0.451,125.969,4
2HFi7awvXr2IPFX1j2D9IA,church,5,1,293331,0.28,0.737,11,-3.938,1,0.0414,0.038,0.0,0.124,0.155,155.884,3
3g7bn09uvp9jkMAW0jXOms,church,5,65,308000,0.491,0.416,0,-6.801,1,0.0289,0.0512,0.0,0.0947,0.0977,136.943,3
2MobJagQB0dGJoRqI8OT0m,church,5,66,256933,0.459,0.561,7,-7.091,1,0.0271,0.0839,0.0,0.0998,0.306,144.783,4
1AtwsVXr1zaZf4YgIEOlDK,church,5,53,348800,0.384,0.493,2,-8.718,1,0.0382,0.0164,0.0,0.101,0.0601,143.711,4
0eI19vR5WZ12fuYcEFUVkw,church,5,65,258453,0.516,0.905,11,-5.613,1,0.0399,0.000479,0.0,0.198,0.612,129.999,4
6WSFMa721PvfnspCRsGOMh,church,5,63,318693,0.217,0.466,0,-6.156,1,0.0346,0.0167,2.58e-05,0.152,0.173,149.398,3
6iha1ZUpCGUJrrQLDSFYux,church,5,63,289747,0.457,0.362,0,-8.843,1,0.0279,0.637,2.77e-05,0.105,0.153,134.835,3
48LRu8wJeDbUaAlZMg7fBF,church,5,60,333053,0.452,0.318,4,-7.1,1,0.0318,0.87,3e-05,0.277,0.201,135.889,4
2elEVvWjPZltkotzcCwKvM,church,5,64,514665,0.411,0.562,11,-8.152,1,0.0362,0.0407,0.0,0.222,0.197,140.015,4
398Dfg7EisARPcvixgrtuI,church,5,63,249242,0.486,0.302,2,-10.72,1,0.0332,0.772,0.0,0.073,0.45,79.258,4
5KXVeVXTMuCJnkK8YSC3FC,church,5,64,393200,0.381,0.161,0,-12.915,1,0.0369,0.84,0.0,0.143,0.356,135.813,4
2lUgap86Pux7qAgvWzuJWs,church,5,61,329080,0.269,0.666,6,-6.048,1,0.0362,0.000278,0.0,0.609,0.226,171.722,3
2RuUAwOz2vyArTaiMQUL7j,church,5,64,242401,0.449,0.67,7,-6.409,0,0.0458,0.299,0.0,0.0881,0.21,171.947,4
2p3qr3HQBgsjeE5rFobSDy,church,5,65,564423,0.242,0.604,2,-6.788,1,0.0394,0.245,0.0,0.451,0.461,207.553,3
7yu4816uyIqXiPvALxL44y,church,5,65,598995,0.335,0.639,3,-6.598,1,0.0369,0.265,0.0,0.107,0.381,139.912,4
4Hrr4U80Rk1tWXlP8RFTAb,church,5,61,401760,0.428,0.627,0,-6.307,1,0.0306,0.012,0.0,0.56,0.17,142.063,4
1gj9poFl2mLKkguqWo5Y1i,church,5,68,296400,0.466,0.67,8,-4.701,1,0.0297,0.155,0.0,0.145,0.395,126.142,4
4F7GcPH79KzsQfNphjtkGx,church,5,60,176453,0.675,0.814,0,-5.816,1,0.0347,0.125,0.0,0.163,0.607,103.989,4
6LKjIAHCnZjaB4BfEIFHrW,church,5,57,424755,0.571,0.736,9,-5.633,1,0.0341,0.00056,0.0,0.494,0.105,121.985,4
7mj5fT0Biju5jR41m9ghUl,church,5,0,299366,0.438,0.529,9,-9.224,1,0.0324,0.0113,0.0,0.109,0.395,136.147,4
0Ck8Iw5OM5Ag8q2CjBqjrV,church,5,57,410509,0.505,0.821,11,-6.733,1,0.0476,0.027,0.0,0.935,0.25,124.015,3
2oIFaafMda5ATaMr2b9pK8,church,5,61,293440,0.445,0.0882,5,-15.894,1,0.0383,0.95,1.1e-06,0.0675,0.228,137.175,4
0cXV6AoJBnrnrXK0toJHpB,church,5,68,337560,0.237,0.224,11,-10.002,1,0.0329,0.635,0.0,0.0999,0.164,155.628,3
72b0ANL1ZiV71OiZRs0Lny,church,5,0,274693,0.494,0.637,5,-6.381,1,0.0333,0.669,0.0,0.0882,0.1,147.924,4
2JEcE2v4tOpKzVZFjpLR59,church,5,0,259293,0.445,0.522,7,-5.904,1,0.0305,0.0354,0.0,0.109,0.168,75.977,4
6oizwmD5yHvlQUw0xvirrY,church,5,63,223348,0.495,0.695,8,-6.331,1,0.0374,0.4,0.0,0.088,0.473,153.882,4
5O306r2a9Nl7rm5ZlaTqka,church,5,66,507307,0.416,0.583,11,-7.994,1,0.037,0.0383,0.0,0.116,0.185,140.001,4
3paOSlqrFcMhdGDZ5513AJ,church,5,71,181453,0.647,0.376,7,-5.299,1,0.0273,0.228,0.0,0.158,0.7,137.863,4
5ad2hlnBi2DWmy8GHVQDis,church,5,65,143360,0.6,0.592,4,-3.401,0,0.03,0.576,0.0,0.215,0.73,153.932,4
2UDoZZSrs3NxlmvFZbffr4,church,5,72,231173,0.568,0.453,10,-5.061,1,0.0284,0.317,0.0,0.121,0.508,162.129,4
6RruB10Yvw1uCHHSIku5qW,church,5,67,157040,0.608,0.562,7,-2.617,1,0.0263,0.538,0.0,0.112,0.58,130.034,4
63bmZnBN1CiJ9sA4qTEe8y,church,5,80,199320,0.433,0.431,2,-6.422,1,0.0367,0.169,0.0,0.307,0.722,177.732,4
6SnO4yCCYtz2rffMpEAlro,church,5,74,176347,0.626,0.47,0,-2.984,1,0.0316,0.522,0.0,0.201,0.825,140.046,3
3LSna6W1dRf2QbsUgmRoFf,church,5,59,304829,0.363,0.542,0,-5.644,1,0.0322,0.00446,7.51e-05,0.332,0.25,130.82,4
6Z31l856yEwyJqSBe3qLZ4,church,5,58,327653,0.49,0.51,0,-9.141,1,0.0368,0.628,0.0,0.967,0.197,90.307,4
57grEwbGqJc0XNXrV0O4Bs,church,5,48,193600,0.658,0.287,0,-14.057,1,0.0293,0.764,0.000915,0.0784,0.52,120.053,4
6BXej1JXrPgRIZQSRTK1rC,church,5,47,169973,0.54,0.262,7,-15.003,1,0.0298,0.688,2.14e-06,0.0933,0.493,109.848,4
5PmHmU5AaBy9ld3bdQkD96,church,5,59,393360,0.451,0.688,0,-7.843,1,0.0358,0.000614,0.0,0.141,0.0827,135.066,4
57ifvUopbuDoMNpgSD6PzV,church,5,51,232853,0.637,0.547,3,-8.637,1,0.0364,0.315,0.0,0.132,0.479,137.99,4
7wEIEqxdeyuvyVRwxMne33,church,5,46,310613,0.672,0.311,1,-8.427,0,0.0269,0.403,0.0,0.152,0.158,109.929,4
6TuE408iM4JvCXtGSBg1JA,church,4,60,429332,0.473,0.445,4,-9.815,1,0.0372,0.168,1.43e-06,0.221,0.192,130.001,4
3OqucjwU8VsOF6AzSd1XHi,church,4,51,582315,0.427,0.736,0,-2.624,1,0.0366,0.438,6.72e-06,0.0706,0.119,134.002,4
3h3fui1QXImL2zRcs9v2Lc,church,4,70,562388,0.327,0.731,8,-5.821,1,0.0398,0.322,8.66e-06,0.267,0.0792,132.76,4
18Bgya13bGqmHGLRdyaBdu,church,4,55,220827,0.392,0.44,4,-6.711,1,0.0282,0.449,0.0,0.118,0.166,143.921,4
5AcdaSVQfLcUKMaqchfBie,church,4,63,224169,0.545,0.805,0,-5.792,1,0.0491,0.0326,0.0,0.781,0.727,110.005,4
4bHsxqR3GMrXTxEPLuK5ue,education,8,84,250987,0.5,0.748,4,-9.072,1,0.0363,0.127,0.0,0.447,0.514,118.852,4
08mG3Y1vljYA6bvDt4Wqkj,education,7,86,255493,0.31,0.7,9,-5.678,1,0.047,0.011,0.00965,0.0828,0.763,188.386,4
0cMcFcm3YvB8o1yKkYNv0a,education,6,63,274291,0.55,0.205,4,-11.732,1,0.0292,0.922,0.00773,0.0816,0.261,125.766,4
3PgjBOoA5OytNGkglObpOd,education,6,70,288189,0.311,0.342,2,-8.889,1,0.032,0.432,1.93e-06,0.114,0.274,177.158,4
19JzJOMs4wkuKxY8WEOMea,education,6,67,122704,0.79,0.133,8,-9.365,1,0.0915,0.875,0.808,0.111,0.422,69.997,4
2374M0fQpWi3dLnB54qaLX,education,6,85,295893,0.671,0.373,9,-18.064,1,0.0323,0.257,8.01e-05,0.0481,0.732,92.718,4
2zYzyRzz6pRmhPzyfMEC8s,education,6,86,208400,0.574,0.913,6,-4.793,0,0.133,0.061,0.00158,0.156,0.423,115.728,4
57bgtoPSgt236HzfBOd8kj,education,6,85,292880,0.502,0.89,4,-5.175,1,0.0364,0.000147,0.0117,0.217,0.259,133.52,4
6VzcQuzTNTMFnJ6rBSaLH9,education,5,82,377960,0.306,0.347,2,-8.5,1,0.0334,0.172,0.00013,0.0485,0.0511,120.996,4
6mzQgdrGGVY5eE8dmrxUKA,education,5,39,285321,0.532,0.154,6,-17.23,1,0.0748,0.851,0.0012,0.359,0.311,70.001,4
1uRwUQicwng6S44RtsANQv,education,5,49,287625,0.34,0.218,11,-14.892,1,0.0534,0.874,0.000136,0.0886,0.137,101.747,4
0gDRtumoR9ZrvAlnniToMz,education,5,66,269877,0.445,0.355,4,-7.351,1,0.0289,0.887,0.00179,0.322,0.366,135.525,4
3lel1ENtvzcRPziaCXYFTf,education,5,57,329337,0.485,0.189,0,-11.068,1,0.0421,0.757,0.0,0.113,0.294,129.132,4
4KfSdst7rW39C0sfhArdrz,education,5,75,261933,0.548,0.691,4,-13.553,0,0.0369,0.015,0.106,0.144,0.667,137.145,4
4yugZvBYaoREkJKtbG08Qr,education,5,79,211578,0.575,0.67,7,-10.39,1,0.0318,0.343,4.95e-06,0.129,0.74,139.191,4
7qrBYrivpvfXUPBMmqh3dA,education,5,69,136914,0.691,0.186,10,-13.672,0,0.0487,0.686,0.934,0.0762,0.548,86.383,4
6E44XejBm1JxzOSj1Sfdbl,education,5,14,138947,0.812,0.403,9,-8.448,0,0.232,0.35,0.447,0.106,0.382,75.89,4
5MxNLUsfh7uzROypsoO5qe,education,5,82,266960,0.307,0.433,1,-10.057,1,0.029,0.388,9.08e-05,0.332,0.224,160.9,4
2EqlS6tkEnglzr7tkKAAYD,education,5,80,259947,0.533,0.376,9,-11.913,0,0.0393,0.0302,0.248,0.0926,0.187,165.007,4
39shmbIHICJ2Wxnk1fPSdz,education,5,81,188987,0.743,0.836,2,-6.465,1,0.116,0.0804,0.0,0.384,0.82,113.375,4
5ihS6UUlyQAfmp48eSkxuQ,education,4,79,199493,0.414,0.161,7,-22.32,0,0.0318,0.883,0.000223,0.117,0.423,159.375,4
6dGnYIeXmHdcikdzNNDMm2,education,4,84,185733,0.557,0.54,9,-10.484,1,0.0347,0.0339,0.00248,0.179,0.394,129.171,4
22AZDYG6qrjMFg0ceeL9X6,education,4,57,291108,0.292,0.308,4,-7.562,1,0.0305,0.671,2.22e-06,0.102,0.198,98.487,4
5Fh34BynBCRdmKVuI5edoO,education,4,47,231231,0.638,0.208,4,-14.335,1,0.0295,0.875,0.0164,0.322,0.221,129.984,4
6VqZS3Wmf53pbfDBVEYvnP,education,4,54,303937,0.283,0.281,11,-11.414,1,0.035,0.437,0.00114,0.102,0.127,79.919,4
1L4oNa8QzcnjvkjmUhJmjH,education,4,51,260867,0.586,0.24,7,-8.603,1,0.0296,0.84,2.96e-06,0.0897,0.237,121.95,4
3dLRK3SKATbzMd1tcAzsJz,education,4,52,341918,0.55,0.234,0,-10.264,1,0.0358,0.941,2.96e-06,0.0996,0.233,72.799,4
0V5cvmTKsYmF5FmGGEAfmS,education,4,87,160853,0.303,0.187,2,-16.757,1,0.0356,0.989,0.489,0.101,0.213,132.731,4
4rG3h1QwgjSSWz8EIjCFrm,education,4,72,313952,0.475,0.424,11,-8.39,1,0.0295,0.582,0.0,0.234,0.224,140.903,4
5l9g7py8RCblcvbZgGQgSd,education,4,69,227370,0.669,0.42,2,-8.464,1,0.0253,0.506,0.0,0.404,0.523,95.049,4
1dcNEEtODRVZEevQ20Cgmy,education,4,77,210355,0.62,0.547,1,-6.772,1,0.0248,0.112,0.0,0.19,0.208,98.032,4
4u8RkgV6P4TLi89SmlUtv8,education,4,70,349713,0.705,0.401,6,-8.9,1,0.0376,0.176,8.66e-06,0.0735,0.481,140.031,4
2v5VIWMjZxeiG52KckiXxS,education,4,72,306467,0.394,0.623,9,-5.029,1,0.0384,0.573,0.0,0.0937,0.316,115.003,4
7oK9VyNzrYvRFo7nQEYkWN,education,4,78,222587,0.356,0.924,1,-3.74,1,0.0808,0.00101,0.0,0.0953,0.232,148.017,4
2GiJYvgVaD2HtM8GqD9EgQ,education,4,85,218107,0.611,0.797,6,-7.627,0,0.0533,0.00543,0.00137,0.26,0.518,120.041,4
45S5WTQEGOB1VHr1Q4FuPl,education,4,87,208907,0.448,0.838,4,-5.257,0,0.0557,0.21,0.000131,0.131,0.254,139.863,4
5bgwqaRSS3M8WHWruHgSL5,education,4,81,228600,0.83,0.585,1,-5.802,1,0.0366,0.225,0.00209,0.0576,0.642,105.03,4
7woCxOw0jmj65ohlQ3x0tH,education,4,68,108000,0.788,0.446,6,-9.812,1,0.0693,0.54,0.694,0.273,0.545,80.033,4
5ehVOwEZ1Q7Ckkdtq0dY1W,education,4,10,195136,0.717,0.193,9,-16.141,0,0.0459,0.802,0.893,0.0653,0.0447,109.992,4
451EMYReoEHbfvj75Pu1B9,education,4,65,114203,0.79,0.446,9,-9.273,0,0.052,0.656,0.931,0.0933,0.222,80.002,4
7JgZbix8xDasAhbn3N7eIF,education,4,68,142183,0.843,0.256,7,-13.565,0,0.0752,0.538,0.114,0.133,0.655,68.997,4
4JLI9AgtAXutJvjlXgZBoR,education,4,65,108078,0.87,0.146,8,-11.877,0,0.22,0.499,0.941,0.105,0.889,80.087,4
5AMhWOPe771tlQQXaDC5sO,education,4,60,143415,0.729,0.308,10,-14.782,1,0.129,0.062,0.875,0.0981,0.669,163.977,4
5j6vt3vHU22A9nuuMlRnwA,education,4,62,118183,0.624,0.229,1,-15.698,0,0.046,0.354,0.47,0.116,0.395,130.069,4
2NcmCfgwjLcf4rakDK3pYZ,education,4,60,123016,0.592,0.37,0,-10.87,1,0.167,0.257,0.91,0.106,0.143,80.055,4
16gIddMz50QWTnVB44q3XX,education,4,59,82778,0.77,0.444,7,-9.09,1,0.0675,0.822,0.904,0.116,0.0647,75.0,4
3RjVTTJwqgKsNUImPBfmNT,education,4,60,91833,0.648,0.499,8,-9.724,1,0.0412,0.55,0.933,0.107,0.119,147.661,4
1jcQ040aWKeiUGJ2IcnFtV,education,4,62,191000,0.349,0.191,0,-16.111,0,0.0463,0.992,0.936,0.132,0.0414,140.422,3
2m2GJpBjQNNphaCgBeoj7R,education,4,69,207640,0.324,0.0186,2,-28.248,1,0.0476,0.99,0.934,0.105,0.126,85.297,4
0jOnZhF75V68VsBObWx2XO,education,4,71,174267,0.169,0.0161,9,-31.034,0,0.0442,0.986,0.86,0.0805,0.0573,128.143,3
4DMKwE2E2iYDKY01C335Uw,education,4,78,323000,0.482,0.786,7,-5.735,1,0.032,0.00321,8.88e-05,0.446,0.793,126.755,4
45yEy5WJywhJ3sDI28ajTm,education,4,0,185733,0.557,0.54,9,-10.484,1,0.0347,0.0339,0.00248,0.179,0.394,129.171,4
0vOkmmJEtjuFZDzrQSFzEE,education,4,74,171267,0.741,0.58,4,-9.05,1,0.0304,0.117,3.31e-05,0.212,0.944,127.402,4
3qiyyUfYe7CRYLucrPmulD,education,4,78,300400,0.489,0.724,5,-8.367,1,0.0352,0.313,0.185,0.287,0.15,117.292,4
2Cdvbe2G4hZsnhNMKyGrie,education,4,79,175173,0.535,0.716,4,-5.025,1,0.0431,0.326,0.0,0.659,0.901,94.379,4
2SiXAy7TuUkycRVbbWDEpo,education,4,82,210173,0.532,0.767,7,-5.509,1,0.0574,0.00287,0.000513,0.39,0.755,127.361,4
0hCB0YR03f6AmQaHbwWDe8,education,4,79,333893,0.412,0.902,9,-11.6,1,0.405,0.0484,0.131,0.405,0.422,89.74,4
40riOy7x9W7GXjyGp4pjAv,education,4,86,391376,0.579,0.508,2,-9.484,1,0.027,0.00574,0.000494,0.0575,0.609,147.125,4
4CJVkjo5WpmUAKp3R44LNb,education,4,0,281147,0.597,0.605,7,-12.013,1,0.0255,0.181,0.000331,0.118,0.886,97.782,4
43bSKCMWHIuBsUVmQcDX1J,education,4,65,257000,0.296,0.00896,7,-31.948,0,0.0394,0.994,0.91,0.0815,0.0673,69.44,3
1Oo7XEqkrwifJn17aA0ocF,education,4,66,378733,0.299,0.00626,9,-30.923,1,0.0478,0.994,0.901,0.0823,0.0634,69.043,4
3NbAsIxDL0fVgNuCLD152P,education,4,66,176518,0.37,0.0076,4,-33.663,1,0.0384,0.995,0.91,0.0864,0.278,62.668,4
7hQJA50XrCWABAu5v6QZ4i,education,4,76,209413,0.563,0.865,5,-5.277,1,0.16,0.0472,0.000191,0.77,0.601,156.271,4
5WtfUKzXircvW8l5aaVZWT,education,3,86,173307,0.516,0.467,0,-6.184,1,0.0302,0.662,0.0,0.0853,0.386,132.861,4
2LMkwUfqC6S6s6qDVlEuzV,education,3,80,248808,0.444,0.0924,0,-15.605,1,0.0366,0.784,0.0,0.304,0.219,108.917,4
5RgFlk1fcClZd0Y4SGYhqH,education,3,75,201373,0.292,0.324,3,-11.996,1,0.0346,0.797,0.000473,0.12,0.384,176.631,3
4bBrKDo8rchikwZOtmXbIH,education,3,69,227560,0.656,0.692,1,-6.145,0,0.0563,0.00212,0.00305,0.128,0.693,128.016,4
23YKjuTD2esIoc2ICqTLxZ,education,3,58,263547,0.731,0.189,7,-10.918,1,0.0329,0.768,0.0,0.0884,0.379,78.1,4
3I2fxo7S9Z29I7xsntRCLD,education,3,38,253402,0.505,0.395,1,-7.286,1,0.029,0.375,0.0,0.107,0.135,75.999,4
24ngpWhBOxKJtIPnzSNX8c,education,3,71,343018,0.465,0.592,4,-4.905,1,0.0293,0.0208,1.51e-06,0.0929,0.117,139.867,4
2DEp2t7R9zRg38nNxEAVcB,education,3,53,246093,0.469,0.116,9,-13.254,1,0.0426,0.689,0.0,0.733,0.199,115.215,4
4JSDhJVmo2UqdF7nxbyenn,education,3,67,242800,0.5,0.339,7,-7.301,1,0.0263,0.71,0.00222,0.108,0.152,136.427,4
5EvsytirpNFGyK88Zm7IoK,education,3,59,267787,0.558,0.249,1,-9.319,1,0.0376,0.614,0.0,0.185,0.191,131.195,4
6wdCelHrPh7UfliNjwRTUv,education,3,72,310709,0.447,0.16,6,-10.896,1,0.0372,0.913,0.0,0.0891,0.205,118.313,3
761frfZtZ8I2g70UsjFfBK,education,3,54,233728,0.474,0.522,11,-7.513,1,0.0408,0.36,0.0,0.123,0.448,157.225,4
5w4faQsr8wjIBBRDrZ6Udw,education,3,53,277480,0.417,0.21,6,-9.4,1,0.033,0.412,0.0,0.104,0.144,127.009,4
0pwdJLLVxlJa1lnR9UeMZY,education,3,58,188120,0.368,0.321,3,-5.904,1,0.0272,0.769,0.0,0.135,0.0673,139.001,4
47Bg6IrMed1GPbxRgwH2aC,education,3,82,262231,0.575,0.714,6,-5.247,1,0.0596,0.395,0.0,0.115,0.32,144.982,4
7utRJ4BeYx85khzP3lKoBX,education,3,65,271760,0.498,0.242,9,-12.238,1,0.0257,0.835,0.536,0.133,0.312,153.744,4
3JjnGLK8IxkNLvo8Lb3KOM,education,3,80,248360,0.681,0.582,6,-7.76,0,0.0313,0.22,0.0,0.119,0.221,124.038,4
41CgzGD7xlgnJe14R4cqkL,education,3,75,204712,0.426,0.408,3,-9.419,1,0.0524,0.771,7.88e-06,0.394,0.528,76.309,4
0lx2cLdOt3piJbcaXIV74f,education,3,81,214707,0.392,0.574,7,-9.195,1,0.17,0.833,0.00179,0.145,0.529,81.112,4
18AXbzPzBS8Y3AkgSxzJPb,education,3,80,336453,0.446,0.239,0,-13.945,1,0.0316,0.551,4.1e-06,0.0697,0.298,189.507,4
1nYzjrdVQ8RpF93M0jPFW7,education,3,80,227186,0.679,0.61,7,-10.936,0,0.0305,0.585,9.51e-05,0.156,0.554,123.978,4
4u9Y4Z9i9VaAbBK7rW1Rha,education,3,74,227200,0.537,0.383,2,-6.528,1,0.0247,0.747,0.00025,0.356,0.339,104.252,4
439tGS9rVbyTjj5SmneD56,education,3,60,331839,0.473,0.449,0,-8.63,1,0.0259,0.495,0.0,0.158,0.245,71.99,4
0ZCgdK43gaC9wKnC1QQesI,education,3,38,160350,0.593,0.279,11,-10.691,1,0.0413,0.864,0.0,0.231,0.565,119.404,4
4rogQcTh9fZvqH6aCUGxuB,education,3,43,230486,0.593,0.307,6,-12.427,1,0.0747,0.215,0.0,0.122,0.587,81.515,4
5LwSdQ08DDEPeYEFUQlGP8,education,3,41,256139,0.524,0.135,7,-16.136,1,0.044,0.886,5.65e-05,0.323,0.499,81.198,3
7tYjXd42SzEhrWEFQeZxNm,education,3,61,255661,0.571,0.143,11,-8.704,1,0.0381,0.885,0.0,0.119,0.487,107.516,5
2CVChktEKBsM6v4IfdFU5k,education,3,33,171743,0.654,0.434,8,-11.163,1,0.0665,0.837,0.0,0.216,0.223,109.069,4
5Hm2MJQ4ECvQmH5QWCMQrR,education,3,69,312320,0.519,0.246,5,-13.85,1,0.0396,0.774,2.35e-06,0.0946,0.108,90.121,4
1pi3VCMlGVaXvrjlVOkBPN,education,3,69,256573,0.493,0.394,2,-6.997,1,0.0366,0.575,0.0,0.267,0.375,152.03,4
2BgD4nRyx9EZ5o8YEnjRSV,education,3,70,267759,0.502,0.482,4,-4.736,1,0.0288,0.161,0.0,0.187,0.132,133.894,4
16iRlyUMJVPqz62DlomMre,education,3,80,263500,0.513,0.38,11,-11.091,1,0.0336,0.12,0.0,0.0924,0.323,120.952,4
4TEeQqtCN2Ox4Ff7rlbtYx,education,3,63,289480,0.412,0.87,2,-3.062,1,0.0427,0.00818,0.0,0.396,0.392,147.926,4
6jB7cmxRuvf5QUxYl73q0o,education,3,64,272125,0.588,0.501,2,-12.167,1,0.0374,0.36,0.000273,0.101,0.4,104.987,4
5TTXEcfsYLh6fTarLaevTi,education,3,79,171356,0.752,0.494,0,-8.18,1,0.0559,0.432,0.0,0.0869,0.227,117.901,4
267RumTt5KeLBGl2KWxBL0,education,3,72,239480,0.551,0.329,7,-10.731,1,0.0431,0.648,3.82e-05,0.0925,0.331,139.699,4
3jjujdWJ72nww5eGnfs2E7,education,3,87,207133,0.676,0.771,8,-3.675,1,0.0483,0.0237,7e-06,0.102,0.569,99.048,4
0I1eFRytp4XRhLCjT6tZm7,cemetery,11,84,198213,0.247,0.438,5,-8.478,1,0.0358,0.0447,0.000867,0.111,0.39,185.711,3
5E30LdtzQTGqRvNd7l6kG5,cemetery,9,89,260173,0.588,0.521,10,-9.461,1,0.0329,0.0678,0.149,0.123,0.337,85.012,4
1Y2583xYzwiEXDetAB7H1Q,cemetery,7,75,240230,0.48,0.329,11,-12.487,0,0.0329,0.874,0.00165,0.244,0.385,80.375,4
2QjOHCTQ1Jl3zawyYOpxh6,cemetery,7,93,240400,0.612,0.807,10,-2.81,1,0.0336,0.0495,0.0177,0.101,0.398,124.053,4
1BYZxKSf0aTxp8ZFoeyM3d,cemetery,7,86,184154,0.566,0.366,7,-12.808,1,0.028,0.113,0.181,0.155,0.237,129.959,4
0QZ5yyl6B6utIWkxeBDxQN,cemetery,7,80,208212,0.545,0.366,2,-9.51,1,0.0378,0.969,0.267,0.641,0.1,86.997,3
4ujxDgeTs9YpwMKHSmZ4qc,cemetery,7,63,185477,0.535,0.672,3,-4.417,0,0.0699,0.0275,0.0,0.327,0.521,110.048,4
2enPRFda84VE2wtI8c86Uf,cemetery,7,84,223747,0.174,0.742,8,-5.93,1,0.0485,0.00181,0.281,0.198,0.36,163.378,4
37y7iDayfwm3WXn5BiAoRk,cemetery,6,90,173104,0.603,0.783,6,-4.023,1,0.062,0.449,7.96e-06,0.119,0.775,172.041,4
3xpdefOloYCBXd3UR6MVyM,cemetery,6,69,176627,0.392,0.702,6,-6.509,1,0.0848,0.137,0.0,0.109,0.771,188.606,4
7lRlq939cDG4SzWOF4VAnd,cemetery,6,78,186480,0.21,0.94,9,-3.427,1,0.123,0.00602,0.0,0.269,0.255,179.722,4
0V5cvmTKsYmF5FmGGEAfmS,cemetery,6,87,160853,0.303,0.187,2,-16.757,1,0.0356,0.989,0.489,0.101,0.213,132.731,4
086myS9r57YsLbJpU0TgK9,cemetery,6,88,161124,0.691,0.631,2,-6.478,1,0.0368,0.0483,1.13e-05,0.104,0.8,92.004,4
5FVd6KXrgO9B3JPmC8OPst,cemetery,6,88,272394,0.548,0.532,5,-7.596,1,0.0323,0.186,0.000263,0.217,0.405,85.03,4
2nLtzopw4rPReszdYBJU6h,cemetery,6,85,185587,0.496,0.863,9,-4.153,1,0.0381,0.0046,0.0,0.639,0.243,110.018,4
4bJygwUKrRgq1stlNXcgMg,cemetery,6,84,214440,0.603,0.834,5,-5.766,0,0.0417,0.0411,0.00609,0.105,0.376,89.957,4
45ROR8UMn60YEVQnDy0uVF,cemetery,6,81,278991,0.546,0.586,6,-8.488,1,0.0313,0.00346,0.00114,0.0562,0.364,131.778,4
1E2R5JS5pHLLQowZ4xjpiB,cemetery,6,3,245505,0.897,0.424,5,-11.086,0,0.158,0.271,0.0,0.166,0.433,120.048,4
0eDFrr2qgbIPQSU9YQeAXM,cemetery,6,5,277400,0.777,0.192,8,-17.371,1,0.318,0.638,0.0,0.198,0.638,75.007,4
1jKv2VBMGnhPDsnZQoaq1j,cemetery,6,55,188854,0.797,0.295,1,-13.334,0,0.0589,0.371,0.000229,0.0942,0.403,138.001,4
3Lw41pfko5XMrsHRtlbo2k,cemetery,6,73,118630,0.712,0.477,9,-3.626,1,0.339,0.331,0.0203,0.129,0.415,130.694,4
0UV5zxRMz6AO4ZwUOZNIKI,cemetery,6,80,234800,0.454,0.82,2,-4.193,1,0.0567,0.132,0.000969,0.115,0.575,166.303,4
7BxJz17EyAHjZlHEEqrtm6,cemetery,5,66,282126,0.488,0.68,2,-8.143,0,0.0328,0.00329,0.398,0.144,0.64,139.984,4
6Dqs6JddZc16yl27MDzIWY,cemetery,5,73,202320,0.519,0.413,8,-14.462,1,0.21,0.331,0.0666,0.106,0.404,159.398,4
7wjmdC4OL3l1nh9zQwCpv8,cemetery,5,63,228853,0.363,0.716,11,-6.823,0,0.111,0.482,5.06e-06,0.0189,0.581,190.965,4
0vf2eBw2inhl8y61cYQMv2,cemetery,5,82,179955,0.576,0.759,3,-8.165,1,0.0599,0.12,0.0,0.121,0.501,99.969,4
6tMdpUXfT70TD6Eh3XfB1p,cemetery,5,84,230895,0.648,0.827,9,-4.78,0,0.042,0.00533,0.338,0.217,0.598,176.005,4
7vgTNTaEz3CsBZ1N4YQalM,cemetery,5,81,271387,0.573,0.545,7,-4.247,0,0.0288,0.0969,0.0,0.329,0.297,83.378,4
2tznHmp70DxMyr2XhWLOW0,cemetery,5,82,208760,0.636,0.676,2,-3.442,1,0.0263,0.0807,0.0,0.0831,0.273,113.98,4
30bqVoKjX479ab90a8Pafp,cemetery,5,87,142000,0.585,0.471,4,-9.934,0,0.0616,0.0967,0.0184,0.115,0.323,93.099,4
7zwn1eykZtZ5LODrf7c0tS,cemetery,5,85,153000,0.551,0.881,7,-6.099,0,0.0542,0.186,0.0791,0.152,0.387,88.036,4
5UGAXwbA17bUC0K9uquGY2,cemetery,5,78,126850,0.715,0.633,2,-6.869,1,0.0804,0.553,4.45e-06,0.0905,0.319,105.945,5
2jQiSYrwJehQAcuaaQrXnS,cemetery,5,85,230011,0.422,0.609,11,-6.361,0,0.0335,0.0114,4.76e-06,0.108,0.0911,107.34,3
1foMv2HQwfQ2vntFf9HFeG,cemetery,5,82,200173,0.676,0.703,8,-5.815,0,0.0302,0.0869,0.000687,0.0463,0.852,92.761,4
5anCkDvJ17aznvK5TED5uo,cemetery,5,78,305907,0.58,0.916,3,-4.358,0,0.0387,0.000297,0.0259,0.126,0.683,118.004,4
4UEo1b0wWrtHMC8bVqPiH8,cemetery,5,74,374453,0.554,0.949,2,-4.928,1,0.0787,0.000318,9.98e-05,0.2,0.233,129.984,4
6W21LNLz9Sw7sUSNWMSHRu,cemetery,5,78,255733,0.353,0.898,2,-5.877,1,0.052,2.23e-05,0.105,0.39,0.525,103.293,4
4wQUopWk9Ed7Ng5qpKN5qd,cemetery,5,66,172973,0.583,0.918,6,-3.612,1,0.0518,0.288,0.0,0.0701,0.836,164.081,4
6HYKgl1NaCgJkm24EeaeKs,cemetery,5,65,166333,0.351,0.903,8,-2.341,1,0.0681,0.00216,7.44e-05,0.252,0.354,180.032,4
5ZbwPEUqw1hK6rp0ppD8lR,cemetery,5,71,165832,0.491,0.771,9,-5.037,1,0.041,0.00149,0.000262,0.232,0.242,103.005,4
2P5yIMu2DNeMXTyOANKS6k,cemetery,5,82,193429,0.398,0.717,0,-5.253,1,0.0398,0.07,0.0,0.085,0.487,117.296,4
0jA4h2SD50Oak4C3Vn905a,cemetery,5,84,167864,0.67,0.905,1,-6.855,1,0.129,0.669,0.000227,0.349,0.563,104.965,4
4SqWKzw0CbA05TGszDgMlc,cemetery,5,94,160240,0.575,0.648,10,-4.891,1,0.0358,0.583,0.0,0.115,0.466,75.977,4
2QLbRVzixE282JSQjBz2DG,cemetery,5,73,150462,0.81,0.789,6,-4.032,1,0.0498,0.0254,1.85e-06,0.104,0.432,129.988,4
0CgMeXQiNYJxPVQ2EMJxdL,cemetery,5,1,147336,0.648,0.453,8,-8.969,0,0.522,0.106,3.78e-06,0.106,0.359,130.199,4
7wxK5u1fh46c5zugdiJSkv,cemetery,5,49,290308,0.597,0.419,0,-9.005,0,0.112,0.149,0.0,0.0948,0.13,130.005,4
3NpRkAnxexTh4TklAZNjag,cemetery,5,0,184615,0.655,0.34,10,-6.834,1,0.358,0.332,8.73e-05,0.106,0.24,90.67,5
3hRV0jL3vUpRrcy398teAU,cemetery,5,85,208212,0.544,0.369,2,-9.514,1,0.038,0.969,0.279,0.639,0.102,87.01,3
3urJUvRhgMrwydaTQFVEg9,cemetery,5,69,284613,0.583,0.729,1,-6.645,0,0.0341,0.000522,1.47e-05,0.487,0.539,152.996,4
7svpAkwc6xaSxlbZ7V7JiS,cemetery,5,78,161463,0.529,0.353,7,-12.835,1,0.0292,0.788,0.853,0.116,0.0601,104.557,4
3zksbXteOCeSusJ5Xltr3t,cemetery,5,83,175961,0.509,0.0167,9,-24.639,1,0.115,0.979,2.72e-05,0.387,0.229,207.97,3
3jjsRKEsF42ccXf8kWR3nu,cemetery,5,86,128199,0.613,0.822,9,-4.087,1,0.026,0.0092,0.506,0.429,0.567,105.997,4
5dTHtzHFPyi8TlTtzoz1J9,cemetery,5,76,204733,0.356,0.96,4,-3.487,1,0.104,0.0142,0.0,0.209,0.0857,125.921,4
4IhKLu7Vk3j2TLmnFPl6To,cemetery,5,82,218893,0.723,0.504,8,-5.572,1,0.0392,0.388,7.4e-05,0.087,0.551,133.975,4
6bfPo8Ge3VoD4dEGSDs0R9,cemetery,4,63,74960,0.492,0.611,0,-6.438,1,0.102,0.193,0.0,0.691,0.933,182.529,4
7asyVbwQE7IbA3x2be7bdI,cemetery,4,71,233785,0.675,0.464,1,-9.277,1,0.151,0.0635,0.073,0.0711,0.129,79.55,4
5oiZiF3fBLHqgTDaH0Pj7M,cemetery,4,65,199587,0.633,0.632,7,-9.55,1,0.0643,0.588,0.0,0.0499,0.792,150.024,4
3NM41PVVUr0ceootKAtkAj,cemetery,4,74,218755,0.327,0.449,10,-5.362,1,0.034,0.369,0.00444,0.22,0.179,123.969,4
4c38yr2PflGI2DSIzqsnmF,cemetery,4,58,166362,0.476,0.983,1,-3.282,1,0.0687,0.00182,1.86e-05,0.294,0.723,120.022,4
7H0ya83CMmgFcOhw0UB6ow,cemetery,4,83,320467,0.508,0.792,0,-7.311,0,0.0297,0.229,0.124,0.145,0.601,147.067,4
37mfTcSlX60JtAvAETytGs,cemetery,4,75,195717,0.516,0.85,4,-3.909,0,0.0706,0.00139,0.0,0.296,0.583,120.324,4
4ekDggjElGJX9kNSOtnbVf,cemetery,4,73,196000,0.723,0.57,9,-8.589,0,0.0429,0.00412,0.00183,0.0862,0.575,123.979,4
2kS6td1yvmpNgZTt1q5pQq,cemetery,4,82,181680,0.527,0.922,9,-2.666,0,0.0728,0.00475,0.000162,0.422,0.49,95.975,4
7I4ibsZgwuf46g0xHuTC8s,cemetery,4,82,139440,0.713,0.29,7,-16.365,1,0.0647,0.686,0.807,0.318,0.121,124.941,4
00RaykzZO1vFk3eSSxHYHV,cemetery,4,66,140251,0.853,0.726,3,-7.414,0,0.0728,0.362,0.000329,0.11,0.821,136.073,4
1ZNVczQsUBA64aWhvWqaap,cemetery,4,75,178224,0.69,0.803,7,-9.084,0,0.0915,0.577,6.49e-05,0.117,0.204,161.489,4
27NovPIUIRrOZoCHxABJwK,cemetery,4,94,212000,0.736,0.704,3,-7.409,0,0.0615,0.0203,0.0,0.0501,0.894,149.995,4
4Uy3kNxW2kB8AEoXljEcth,cemetery,4,66,174893,0.766,0.881,9,-5.158,0,0.137,0.0166,2.3e-06,0.347,0.674,112.027,5
7lQ8MOhq6IN2w8EYcFNSUk,cemetery,4,92,290320,0.908,0.669,7,-2.827,1,0.0738,0.00286,0.0,0.237,0.662,112.238,4
0j8ppsOOawdPCJnSTcXgOy,cemetery,4,77,120000,0.847,0.448,0,-10.14,1,0.416,0.81,1.35e-05,0.325,0.488,79.975,4
5o7ZDvfOry1MNhNLBOJulo,cemetery,4,72,163371,0.825,0.761,8,-5.389,1,0.104,0.0111,0.00359,0.334,0.161,149.97,4
7Cye3UbCA6UNuDykdCf3AB,cemetery,4,74,206472,0.625,0.45,9,-9.985,1,0.0311,0.0776,0.000217,0.117,0.0362,92.974,3
0BV0AYGLVlu2SdjN3J9twp,cemetery,4,80,151625,0.849,0.758,8,-7.498,1,0.256,0.499,0.695,0.147,0.0684,115.058,4
6tO5bxNnMuh1c3cziSpecA,cemetery,4,78,111020,0.849,0.648,7,-6.188,1,0.0835,0.0706,0.00636,0.0984,0.195,106.058,4
7floNISpH8VF4z4459Qo18,cemetery,4,85,126346,0.763,0.726,1,-6.405,1,0.282,0.259,0.0,0.0976,0.349,139.059,4
51c94ac31swyDQj9B3Lzs3,cemetery,4,77,299533,0.269,0.853,7,-4.647,0,0.0854,0.000249,0.000246,0.118,0.179,141.581,4
58ge6dfP91o9oXMzq3XkIS,cemetery,4,85,253587,0.52,0.852,0,-5.866,1,0.0543,0.00237,5.79e-05,0.0733,0.234,140.267,4
1yKAqZoi8xWGLCf5vajroL,cemetery,4,71,194253,0.202,0.886,11,-3.805,0,0.0816,0.0286,0.0,0.643,0.192,145.781,4
60a0Rd6pjrkxjPbaKzXjfq,cemetery,4,87,216880,0.556,0.864,3,-5.87,0,0.0584,0.00958,0.0,0.209,0.4,105.143,4
1IT0WQk5J8NsaeII8ktdlZ,cemetery,4,75,236293,0.403,0.965,6,-2.238,1,0.0964,3.81e-05,0.000276,0.341,0.431,112.363,4
61mWefnWQOLf90gepjOCb3,cemetery,4,81,252613,0.354,0.982,4,-3.026,0,0.168,0.000237,0.000294,0.204,0.194,143.772,4
2dEmQ9nsLbLaztypZxG78f,cemetery,4,42,193840,0.0775,0.0605,5,-25.288,1,0.0433,0.976,0.948,0.0933,0.0395,68.111,3
6DU9coCZBQ2RDwWd5oGLhS,cemetery,4,25,113733,0.064,0.103,5,-26.63,1,0.0457,0.965,0.938,0.114,0.0331,72.887,4
54DXld6JyHAUMF529QvYLZ,cemetery,4,26,179480,0.237,0.0873,0,-21.135,1,0.0394,0.979,0.827,0.0891,0.0372,118.833,4
48KQH2EtH315tSTOiR5MEQ,cemetery,4,26,187040,0.59,0.295,2,-19.03,0,0.0353,0.848,0.516,0.0681,0.243,129.929,4
4xfXG8XK2GsnjVzC8U6EQ8,cemetery,4,24,206427,0.229,0.0851,0,-21.6,0,0.0375,0.97,0.954,0.0931,0.0352,114.895,4
2Nt7o2ufx9Mp9INgEzHvan,cemetery,4,26,188853,0.353,0.073,7,-22.463,0,0.0425,0.979,0.941,0.158,0.0335,119.889,3
20XKDSqaNPAfLyRpcrI4h9,cemetery,4,23,203973,0.535,0.325,1,-17.3,1,0.0424,0.87,0.877,0.122,0.484,160.034,4
6Wo8OJyyHCCEst7v52lZv5,cemetery,4,23,446187,0.264,0.182,2,-17.157,0,0.0403,0.946,0.925,0.0823,0.0398,129.966,4
0IU0NacJwDZzhiJlR5JjsF,cemetery,4,31,187680,0.164,0.0518,10,-24.419,1,0.0412,0.961,0.967,0.102,0.0589,143.764,5
1qJJMuvBfM9lZQbvc7eH0H,cemetery,4,24,213667,0.185,0.088,5,-23.077,1,0.0377,0.934,0.951,0.113,0.0386,93.735,4
2STSUJE9SGWEiBtKgOacMp,cemetery,4,28,176480,0.38,0.159,0,-18.599,1,0.0458,0.899,0.602,0.16,0.112,124.112,4
3ETliblQMHBohoEvwsAmXe,cemetery,4,24,229827,0.0637,0.0897,11,-21.448,0,0.0382,0.935,0.961,0.106,0.0378,65.134,4
4uNGw4yhQKtpI3y09Hu6GB,cemetery,4,22,184773,0.587,0.299,7,-18.089,1,0.0527,0.386,0.808,0.0391,0.355,145.936,4
4kBysc0UCUfn7teahbR4Tf,cemetery,4,23,137893,0.154,0.0303,0,-25.769,0,0.0459,0.93,0.935,0.115,0.0332,85.095,1
6ORMSxRhWCgYWU1fBpGh6b,cemetery,4,22,344747,0.449,0.0843,3,-22.222,1,0.0358,0.913,0.912,0.153,0.142,113.962,4
4er18JyOochCWNUcYINaR1,cemetery,4,21,463600,0.208,0.201,5,-19.497,1,0.0375,0.863,0.91,0.0633,0.0747,119.088,4
2zszjaUn6F4gQxsxsoDt20,cemetery,4,28,140187,0.27,0.0936,2,-22.562,0,0.0347,0.952,0.883,0.0928,0.128,90.358,4
61D17jV3RZ1ZXn8G3XXnNQ,cemetery,4,23,234627,0.194,0.0262,0,-28.327,0,0.0357,0.986,0.947,0.158,0.048,97.953,4
5GVlUBKtDH9PReJORubzAD,cemetery,4,23,225600,0.688,0.173,1,-18.049,0,0.0449,0.47,0.854,0.0403,0.449,89.992,4
4yyg2J2uXOjCtCyT64984C,forest,10,71,284147,0.555,0.584,4,-8.667,1,0.0301,0.274,0.0228,0.254,0.41,120.965,4
41yIvlFgvGwxq8qTqAR7eG,forest,9,72,210080,0.592,0.416,1,-9.794,1,0.0246,0.882,0.000586,0.112,0.417,96.002,4
2KCqAdd2ad0hpJc5ySoTE8,forest,9,68,233973,0.67,0.496,2,-11.23,1,0.0277,0.627,0.00325,0.0584,0.427,100.17,4
431qZaQAJuIolwBrlDa6Yg,forest,8,59,231587,0.435,0.523,0,-9.502,1,0.041,0.535,0.00011,0.162,0.374,178.301,4
2BOof6lYrGfz6BojJ0aeJd,forest,8,62,191773,0.364,0.308,4,-13.052,1,0.0402,0.896,0.00227,0.123,0.389,73.331,4
1n9sCOqpuWdoFUZxJeBRkh,forest,8,46,181700,0.191,0.244,2,-22.741,1,0.0457,0.986,0.854,0.33,0.0651,73.175,4
0Y4ipB4nBIZA3dWUWcoeLB,forest,8,54,160000,0.17,0.364,2,-21.87,1,0.0701,0.839,0.948,0.975,0.21,83.16,3
7qH9Z4dJEN0l9bidizW7fq,forest,7,79,257533,0.457,0.407,9,-11.475,1,0.0308,0.805,0.884,0.126,0.126,117.053,4
1bqrRn1pJWowNLA5N9L6uW,forest,7,66,262209,0.543,0.925,6,-6.783,0,0.0448,0.392,0.456,0.0668,0.594,80.499,1
37zuIvk4KBkAxxLJsxJaHq,forest,7,66,268293,0.521,0.526,5,-6.032,1,0.0281,0.243,0.00537,0.108,0.502,130.694,4
5Pkn31exSVgFbfDAH961QC,forest,7,58,331400,0.354,0.426,6,-8.704,0,0.0295,0.782,0.11,0.115,0.185,98.062,3
3HAgxyWGeJtIVabS2mTREt,forest,7,73,129464,0.571,0.399,4,-11.919,1,0.0364,0.766,0.0146,0.0926,0.611,141.922,4
1qRA5BS78u3gME0loMl9AA,forest,7,78,153693,0.653,0.519,2,-10.164,1,0.0497,0.406,0.0209,0.101,0.822,98.883,4
0wJoRiX5K5BxlqZTolB2LD,forest,7,73,170813,0.533,0.905,2,-5.27,1,0.0754,0.00876,0.578,0.0698,0.486,108.9,4
57460SJgSpCXaRJ9YIYHxy,forest,7,64,171373,0.653,0.239,5,-18.54,0,0.0453,0.806,0.0146,0.132,0.765,80.392,4
5yu3LOGDf4Y47XxBX6OEjO,forest,7,48,152476,0.187,0.306,2,-19.847,1,0.0441,0.972,0.982,0.755,0.036,118.822,4
5Gf1abXhaI10rBHOKeXNU0,forest,7,50,153359,0.162,0.197,2,-21.841,1,0.0387,0.963,0.978,0.965,0.0356,95.53,4
0TCmhnbMpw5zwPsTvlXTJi,forest,6,78,248827,0.521,0.277,11,-10.34,1,0.0356,0.634,7.07e-05,0.103,0.13,115.01,4
2NMA93HoL1DkxNLbnyOOqA,forest,6,57,150726,0.0717,0.0402,1,-30.543,1,0.0446,0.307,0.953,0.179,0.0353,79.741,4
4zvvvHm0b5CBl37tocxm7n,forest,6,62,257347,0.464,0.559,7,-4.209,0,0.0287,0.368,0.000176,0.106,0.368,115.349,4
45p0MAVey0dnjZXo8kMUzh,forest,6,57,229627,0.803,0.373,8,-13.692,1,0.0367,0.868,0.0266,0.104,0.636,124.921,4
3CAX47TnPqTujLIQTw8nwI,forest,6,71,328507,0.401,0.364,5,-10.836,1,0.033,0.45,0.0503,0.162,0.224,129.57,4
0QQIhT6PtJ5glyn4HKNKQ6,forest,6,71,269893,0.466,0.496,1,-6.606,1,0.0302,0.626,6.22e-06,0.117,0.352,74.747,4
0mJgYBqXh1B1KetCUVe3QT,forest,6,35,132880,0.62,0.848,0,-7.201,1,0.0391,0.354,0.00103,0.698,0.732,133.557,4
28sWYevC75ZrUMJ0tD4zWM,forest,5,54,313480,0.521,0.265,1,-18.229,1,0.0319,0.961,0.133,0.0676,0.392,77.519,4
4fbvXwMTXPWaFyaMWUm9CR,forest,5,4,336613,0.374,0.304,1,-14.52,1,0.0302,0.943,0.298,0.126,0.147,147.969,4
4HlnKACfroGiAhbNODw2bF,forest,5,52,276813,0.601,0.59,4,-9.152,0,0.0492,0.293,0.000725,0.248,0.353,119.841,4
3d8y0t70g7hw2FOWl9Z4Fm,forest,5,79,160097,0.664,0.573,5,-6.519,1,0.0277,0.613,0.000363,0.0857,0.566,76.023,4
57V4uc2b2diZ4RPHXWecb9,forest,5,73,198027,0.539,0.179,7,-14.33,1,0.0309,0.921,0.393,0.106,0.145,140.01,3
5MMZJtHOiH1RmQSSe3DJdg,forest,5,73,211851,0.389,0.431,7,-8.061,1,0.0344,0.249,0.0,0.13,0.275,142.14,4
2iQYqdalv245vrCEM4W9N9,forest,5,60,259253,0.379,0.373,3,-12.176,0,0.0309,0.895,0.0718,0.115,0.352,176.002,1
3yrSvpt2l1xhsV9Em88Pul,forest,5,82,183307,0.491,0.583,7,-10.964,1,0.0376,0.185,0.0,0.406,0.908,150.566,4
1K3LRUEcUz5FMtPYyg0F45,forest,5,78,163133,0.682,0.471,0,-9.182,1,0.0301,0.765,0.0,0.0908,0.421,79.907,4
3GGt2kbKX4VFCs3VM5JcsH,forest,5,34,314400,0.582,0.485,6,-12.781,0,0.0326,0.349,0.624,0.668,0.751,128.872,4
7zAoVpCLJFsyRfCbGUIAFf,forest,5,45,709333,0.438,0.78,2,-11.26,1,0.0579,0.0969,0.794,0.723,0.84,138.933,4
1FGolefVk3rQ2Vo4KvyGwb,forest,5,25,623733,0.47,0.755,2,-8.472,1,0.151,0.263,0.0561,0.959,0.431,83.66,4
0rl1mAu2HBkIptk1rUtzlI,forest,5,28,169957,0.403,0.303,0,-16.873,1,0.12,0.59,0.0,0.693,0.579,171.101,4
5mChZj2DkveQkSqC6tXHdZ,forest,5,24,275496,0.282,0.237,1,-17.871,1,0.0547,0.759,0.0,0.13,0.416,82.559,4
1gQkBFhxuDAfp5QQ2SP7ik,forest,5,29,271354,0.408,0.364,9,-14.531,1,0.0538,0.641,0.0,0.568,0.538,119.445,4
4sYfCERMWBYDoHku3wAJYJ,forest,5,23,164900,0.411,0.381,7,-13.908,1,0.0329,0.777,0.0,0.676,0.384,88.015,4
2jNn5LOOEUswQHJNnO3LkH,forest,5,29,146307,0.508,0.121,7,-20.006,1,0.0381,0.937,2.06e-05,0.403,0.568,114.578,4
0Qf6vpZlHGDQHIpcIaNWo6,forest,5,23,173760,0.595,0.158,2,-17.446,1,0.0576,0.752,4.41e-06,0.139,0.392,135.968,4
3LZx7JD73a9oao8hT7lt9g,forest,5,22,316573,0.417,0.352,7,-17.601,1,0.232,0.832,0.00147,0.502,0.382,95.221,3
6XrZB8gnnuSqXZJKHUZ55C,forest,5,21,222107,0.549,0.133,9,-16.793,1,0.0785,0.814,1.62e-05,0.694,0.198,76.632,4
4VuM1LN6q2w3BUWnKKiYLT,forest,5,22,282907,0.57,0.204,7,-20.046,1,0.0307,0.74,0.00027,0.731,0.519,79.036,4
2obv0TqY1j7Vb4upuhA8Q8,forest,5,25,339320,0.518,0.219,7,-18.147,1,0.034,0.784,0.0612,0.985,0.5,77.959,4
0NlS8U09m91sam9SboKNpA,forest,5,25,269000,0.449,0.246,7,-14.743,0,0.0392,0.944,0.00024,0.417,0.226,110.614,3
5g7rJvWYVrloJZwKiShqlS,forest,5,72,278373,0.359,0.649,3,-7.06,1,0.0349,0.107,0.0124,0.0555,0.133,111.709,4
4vNi58k37duYWVUPJ3OQtk,forest,5,46,172000,0.123,0.168,5,-18.549,1,0.0412,0.976,0.976,0.962,0.134,97.189,4
3mzmxVaXlVz1qT5r2ziGee,forest,5,45,184110,0.186,0.0282,10,-23.196,1,0.0527,0.951,0.983,0.372,0.0362,115.077,4
6SUVWUASzH4dfBP8vPb2uK,forest,5,45,166533,0.166,0.133,0,-22.739,1,0.042,0.947,0.97,0.963,0.0316,75.506,3
3bZx43GLQeXXVIGyXvhk6R,forest,5,48,167759,0.259,0.246,7,-24.521,1,0.0751,0.88,0.975,0.94,0.0733,56.81,4
2dKNF0EYNtLbUlgLhWwjsG,forest,5,48,112000,0.19,0.161,2,-20.719,1,0.0385,0.901,0.97,0.77,0.0809,113.881,3
3aTEisazzfJJSEnzdHW7rp,forest,5,49,120000,0.106,0.139,2,-20.068,1,0.044,0.902,0.946,0.218,0.0555,165.416,5
2unSnHtBPVc8pUUi0roONR,forest,5,48,152000,0.0937,0.122,2,-20.741,1,0.0474,0.923,0.912,0.151,0.0684,80.573,3
3sQwDiyaYGQD7VqHHXCllh,forest,5,46,110000,0.176,0.0635,2,-20.793,1,0.0453,0.848,0.911,0.203,0.0415,133.034,3
1rWF3tXTZarko9sevQEi7o,forest,5,46,126000,0.164,0.101,2,-21.094,1,0.0441,0.951,0.975,0.329,0.0484,76.463,5
6eAXvj1nkJFRscOMhB0PaK,forest,5,46,156000,0.215,0.121,2,-20.186,1,0.0453,0.921,0.955,0.352,0.0395,58.416,3
5S8jZV5LeZODEITey2AqIP,forest,5,45,92000,0.21,0.118,2,-20.07,1,0.0449,0.834,0.866,0.167,0.0344,111.439,4
6D5CDCsPHCEptwVZ2LLNpz,forest,5,45,108000,0.212,0.142,2,-19.807,1,0.047,0.868,0.943,0.283,0.0395,116.492,4
1bwlQRDL3zeUx5TC4HVzNq,forest,5,45,104000,0.13,0.0173,2,-22.064,1,0.0536,0.349,0.942,0.515,0.0343,144.15,3
22U0EjcRCMdgnxAahDV0rP,forest,5,45,120000,0.0796,0.0199,2,-22.122,1,0.0555,0.0119,0.917,0.415,0.0371,77.879,3
5f6gW2b4DeVFcEe8cnEe8v,forest,5,45,144000,0.177,0.0878,2,-20.1,1,0.0478,0.813,0.963,0.506,0.0804,132.637,4
11fFu5kxsE98r5SYKLKUAB,forest,5,46,120000,0.138,0.0811,2,-19.847,1,0.0483,0.918,0.966,0.206,0.0978,160.778,3
2q5Qpn6AwJZbjqLRWY31UN,forest,5,47,74000,0.201,0.101,2,-19.36,1,0.0469,0.929,0.965,0.16,0.107,73.546,5
7iirzgiSjTlRbyOhYQwOkm,forest,5,45,70000,0.167,0.157,2,-19.083,1,0.0479,0.935,0.965,0.171,0.267,106.438,3
4FOL6IBAyUq6HVUrxVJlOj,forest,5,45,70000,0.0681,0.621,2,-20.876,1,0.146,0.819,0.95,0.745,0.513,182.527,3
3Z6raiZ9TdB3ZKC6fdhr6y,forest,5,46,152012,0.166,0.333,0,-21.147,1,0.0482,0.959,0.985,0.364,0.124,129.812,4
1pFwLaLvKsIrYdL9YhPDqp,forest,5,42,122301,0.175,0.271,2,-27.558,1,0.0919,0.979,0.949,0.339,0.176,107.897,4
4j6eZ1bIO1Uz4lvECRJvvz,forest,5,41,112000,0.194,0.12,2,-24.578,1,0.0406,0.987,0.851,0.114,0.0373,131.538,3
2cYSSkFFFRByPE4UAe8cXF,forest,5,41,112000,0.223,0.131,2,-24.324,1,0.0421,0.988,0.914,0.114,0.0361,76.907,4
1FvTwExqFdUrteMeOedwBi,forest,5,41,128000,0.203,0.355,9,-26.754,1,0.157,0.985,0.943,0.447,0.253,90.037,4
5HxBraHhwyhyLPRUHodX4K,forest,5,41,128000,0.174,0.74,11,-29.858,0,0.336,0.989,0.967,0.348,0.0131,146.584,4
7a1wqls4qPsDwd0ZGYg2LC,forest,5,41,96000,0.188,0.147,2,-24.184,1,0.0417,0.993,0.908,0.135,0.0351,78.689,3
4vOC1K6rq1Xp5FYrHDGneN,forest,5,41,96000,0.21,0.119,2,-23.742,1,0.0384,0.992,0.911,0.12,0.0373,96.414,4
2p6Jv9mL4dUsKfhdVvHufo,forest,5,41,160356,0.211,0.189,2,-23.991,1,0.0437,0.991,0.921,0.397,0.0362,124.633,4
5JvXCdAxMsQiPk7Sf6F4bx,forest,5,40,105644,0.318,0.648,0,-37.212,0,0.0773,0.977,0.969,0.612,0.0153,46.308,4
0zdI4Yaf9p1VFyMNIFh8Fm,forest,5,44,102012,0.193,0.265,2,-22.58,1,0.0576,0.952,0.966,0.378,0.0391,66.406,4
2CnmQFzPRX51LuWk387Sq5,forest,5,43,148569,0.15,0.137,9,-21.796,1,0.0394,0.968,0.97,0.114,0.0339,85.97,1
2pnye4cxdbWtkmGyj8YylM,forest,5,43,114656,0.172,0.126,2,-21.689,1,0.0443,0.972,0.978,0.303,0.0352,111.695,5
1YaiMHYUOwVQczO4k8eNCj,forest,5,43,162982,0.134,0.998,2,-24.714,1,0.674,0.811,0.954,0.381,0.000293,91.395,4
5jzvrbpNrZZ6ltXmYGExT3,forest,5,43,170565,0.0825,0.149,2,-22.438,1,0.0423,0.975,0.981,0.133,0.0329,170.435,4
7hS3PcC3K2iX08gsA8tmxo,forest,5,43,186318,0.0847,0.224,2,-22.747,1,0.0441,0.946,0.964,0.716,0.0364,169.176,5
4SFQlLjFkU0avqfUe1aaG9,forest,5,43,155064,0.18,0.989,9,-31.144,1,0.0671,0.512,0.971,0.976,1e-05,100.972,4
50OeJqgCIwKYVuaha9VJSs,forest,5,43,88709,0.171,0.229,2,-23.255,1,0.0489,0.947,0.99,0.38,0.0383,102.665,4
7My8Rl8IAxp41S3ulc2JSi,forest,5,42,93554,0.178,0.121,2,-22.155,1,0.0402,0.974,0.971,0.122,0.0341,67.235,3
4vztfHB4f5jdYczfwpLiSo,forest,5,0,182005,0.0732,0.384,1,-33.79,1,0.384,0.0146,0.814,0.418,0.0321,177.067,3
0szmjOw9XbtbQYWz0GvXSp,forest,4,57,244960,0.519,0.622,6,-9.135,0,0.0319,0.343,0.0699,0.497,0.514,97.004,4
4k7x3QKrc3h3U0Viqk0uop,forest,4,79,289560,0.329,0.277,10,-13.111,0,0.0302,0.971,0.024,0.0971,0.121,159.719,3
70ZhYH2joI9RCE45TG52sS,forest,4,45,133093,0.329,0.387,11,-34.396,0,0.449,0.279,0.898,0.394,0.04,87.452,4
6HTVZeVQ9J6Uiq6tHESxU9,forest,4,73,287634,0.587,0.497,6,-10.757,1,0.0307,0.723,0.782,0.142,0.401,144.972,3
6bqB7idfAnJVisSMQA1mZQ,forest,4,57,135453,0.212,0.186,0,-16.813,1,0.05,0.92,0.00024,0.116,0.51,174.963,3
4c0tJe2ENJwrZbn9Bap2qs,forest,4,56,220787,0.491,0.554,1,-8.304,0,0.0364,0.561,0.000153,0.124,0.227,76.776,4
26ky3sBMKv31Kpvil5pGDh,forest,4,1,165680,0.347,0.769,8,-7.747,1,0.0614,0.0322,0.000737,0.117,0.524,118.074,4
3AJwUDP919kvQ9QcozQPxg,forest,4,90,266773,0.429,0.661,11,-7.227,1,0.0281,0.00239,0.000121,0.234,0.285,173.372,4
7709cD193A9ASewVfJ849M,forest,4,57,143553,0.0873,0.71,0,-26.639,0,0.0627,0.0277,0.978,0.357,0.0278,75.081,4
1uBwQtsJkaMNcr8uNLsKMF,forest,4,53,230983,0.187,1.0,2,-11.299,1,0.0894,0.393,0.95,0.625,0.00416,95.651,4
7pecvxazasdLJwT4IQbmUa,forest,4,45,273820,0.411,0.874,10,-13.957,0,0.344,0.0944,0.0131,0.18,0.0535,123.535,4
0TOHmgptvSAz7nyH7DCFgB,forest,4,49,185757,0.182,0.97,10,-29.746,0,0.0487,0.123,0.969,0.849,1e-05,64.334,3
61SiFnjiY36uVSTBVXK5Yw,forest,4,44,93010,0.226,0.442,11,-36.624,0,0.0562,0.0509,0.136,0.0791,0.0234,77.998,4
3uUuGVFu1V7jTQL60S1r8z,beach,16,95,148197,0.671,0.636,6,-8.117,0,0.103,0.515,0.000411,0.172,0.262,120.966,4
6YUTL4dYpB9xZO5qExPf05,beach,15,85,222533,0.596,0.856,4,-3.556,0,0.0346,0.0211,0.0178,0.141,0.743,127.949,4
5t9KYe0Fhd5cW6UYT4qP8f,beach,12,73,219027,0.396,0.473,10,-7.67,0,0.0345,0.326,0.000124,0.109,0.385,133.449,4
7ef4DlsgrMEH11cDZd32M6,beach,12,85,214847,0.791,0.862,9,-3.24,0,0.11,0.037,2.19e-05,0.0814,0.592,123.994,4
62aP9fBQKYKxi7PDXwcUAS,beach,11,81,176547,0.674,0.774,11,-7.567,0,0.0892,0.0686,0.00188,0.393,0.33,112.05,4
4xqrdfXkTW4T0RauPLv3WA,beach,11,89,198040,0.357,0.425,5,-7.301,1,0.0333,0.584,0.0,0.322,0.27,102.078,3
5tf1VVWniHgryyumXyJM7w,beach,10,80,219043,0.636,0.815,5,-5.098,0,0.0581,0.0185,0.0,0.163,0.636,123.063,4
6OufwUcCqo81guU2jAlDVP,beach,10,84,241970,0.727,0.681,5,-7.114,0,0.0265,0.00214,0.000307,0.0861,0.448,123.028,4
3B54sVLJ402zGa6Xm4YGNe,beach,10,86,233902,0.726,0.769,6,-5.043,1,0.123,0.0293,0.0101,0.104,0.733,97.985,4
7vFoFDWqTX0mHzLfrF1Cfy,beach,10,81,180566,0.782,0.685,4,-6.237,1,0.0309,0.166,1.18e-05,0.16,0.603,118.016,4
4ofwffwvvnbSkrMSCKQDaC,beach,9,80,201287,0.673,0.735,5,-4.733,1,0.0457,0.286,0.0,0.242,0.754,115.744,4
02MWAaffLxlfxAUY7c5dvx,beach,9,95,238805,0.761,0.525,11,-6.9,1,0.0944,0.44,6.7e-06,0.0921,0.531,80.87,4
4iJyoBOLtHqaGxP12qzhQI,beach,9,90,198082,0.677,0.696,0,-6.181,1,0.119,0.321,0.0,0.42,0.464,90.03,4
4cG7HUWYHBV6R6tHn1gxrl,beach,9,87,169153,0.824,0.862,2,-3.424,1,0.126,0.0076,0.000132,0.303,0.801,122.98,4
3yrSvpt2l1xhsV9Em88Pul,beach,9,82,183307,0.491,0.583,7,-10.964,1,0.0376,0.185,0.0,0.406,0.908,150.566,4
6zSpb8dQRaw0M1dK8PBwQz,beach,9,95,202735,0.796,0.798,1,-6.312,1,0.0317,0.034,4.19e-05,0.0952,0.942,116.032,4
1hgNhooPszJZOZ0gLBU88t,beach,9,52,198040,0.505,0.425,5,-7.301,1,0.0292,0.586,0.0,0.321,0.285,92.061,4
6cx06DFPPHchuUAcTxznu9,beach,8,85,166028,0.734,0.874,8,-3.158,1,0.0662,0.168,1.14e-05,0.0489,0.905,122.953,4
6UelLqGlWMcVH1E5c4H7lY,beach,8,91,174000,0.548,0.816,0,-4.209,1,0.0465,0.122,0.0,0.335,0.557,95.39,4
4LRPiXqCikLlN15c3yImP7,beach,8,100,167303,0.52,0.731,6,-5.338,0,0.0557,0.342,0.00101,0.311,0.662,173.93,4
6dGnYIeXmHdcikdzNNDMm2,beach,8,84,185733,0.557,0.54,9,-10.484,1,0.0347,0.0339,0.00248,0.179,0.394,129.171,4
6PQ88X9TkUIAUIZJHW2upE,beach,8,48,231041,0.808,0.897,11,-3.712,0,0.0348,0.0469,3.14e-05,0.364,0.591,126.026,4
6f5ExP43esnvdKPddwKXJH,beach,8,89,160657,0.717,0.671,0,-5.077,0,0.0337,0.0018,2.54e-06,0.0921,0.699,110.054,4
0e8nrvls4Qqv5Rfa2UhqmO,beach,8,95,143901,0.737,0.846,1,-4.51,0,0.22,0.00614,0.0,0.0486,0.546,87.981,4
6vN77lE9LK6HP2DewaN6HZ,beach,8,83,142273,0.963,0.346,5,-9.309,0,0.53,0.0355,0.0,0.108,0.562,119.957,4
0b18g3G5spr4ZCkz7Y6Q0Q,beach,7,85,186210,0.758,0.913,6,-2.926,0,0.113,0.00364,6.92e-05,0.193,0.658,128.04,4
2Foc5Q5nqNiosCNqttzHof,beach,7,86,248413,0.794,0.811,6,-8.966,0,0.038,0.0426,1.07e-06,0.101,0.862,116.047,4
0wz1LjDb9ZNEYwOmDJ3Q4b,beach,7,74,149373,0.55,0.854,3,-5.968,1,0.036,0.661,0.0,0.112,0.965,159.231,4
2QjOHCTQ1Jl3zawyYOpxh6,beach,7,93,240400,0.612,0.807,10,-2.81,1,0.0336,0.0495,0.0177,0.101,0.398,124.053,4
6f3Slt0GbA2bPZlz0aIFXN,beach,7,88,164000,0.798,0.62,8,-7.079,0,0.232,0.414,0.0192,0.112,0.235,120.031,4
4yugZvBYaoREkJKtbG08Qr,beach,7,79,211578,0.575,0.67,7,-10.39,1,0.0318,0.343,4.95e-06,0.129,0.74,139.191,4
3Wrjm47oTz2sjIgck11l5e,beach,7,91,211560,0.714,0.8,11,-4.808,0,0.0504,0.127,0.0,0.359,0.589,134.002,4
6RtPijgfPKROxEzTHNRiDp,beach,7,83,224840,0.773,0.758,1,-4.993,1,0.0381,0.0422,0.0,0.305,0.925,144.033,4
1HFfMOxCAT4GAwaPfCdmUs,beach,7,81,208133,0.829,0.51,5,-9.334,0,0.0369,0.00821,0.00143,0.0829,0.45,119.994,4
2Xr1dTzJee307rmrkt8c0g,beach,7,91,145800,0.727,0.739,8,-3.805,1,0.0411,0.365,0.00137,0.161,0.533,93.005,4
6u7jPi22kF8CTQ3rb9DHE7,beach,7,3,157067,0.878,0.619,6,-5.56,1,0.102,0.0533,0.0,0.113,0.639,136.041,4
7BKLCZ1jbUBVqRi2FVlTVw,beach,7,88,244960,0.748,0.524,8,-5.599,1,0.0338,0.414,0.0,0.111,0.661,95.01,4
7Feaw9WAEREY0DUOSXJLOM,beach,7,78,163805,0.661,0.723,5,-6.976,0,0.0566,0.179,1.23e-05,0.14,0.316,113.778,4
2tnVG71enUj33Ic2nFN6kZ,beach,7,84,157606,0.88,0.751,7,-4.258,0,0.0874,0.177,6.43e-05,0.106,0.884,117.948,4
4h8VwCb1MTGoLKueQ1WgbD,beach,7,8,247427,0.532,0.783,2,-5.697,1,0.0523,0.0038,0.0012,0.161,0.643,124.08,4
5HCyWlXZPP0y6Gqq8TgA20,beach,7,95,141806,0.591,0.764,1,-5.484,1,0.0483,0.0383,0.0,0.103,0.478,169.928,4
78QR3Wp35dqAhFEc2qAGjE,beach,7,85,145543,0.897,0.662,1,-6.903,0,0.292,0.0852,0.0,0.534,0.389,112.511,4
3JKgcAa7r07ocVWcV8bS0H,beach,7,80,163798,0.783,0.479,7,-10.646,1,0.541,0.149,0.0,0.101,0.533,176.027,4
0uxSUdBrJy9Un0EYoBowng,beach,7,86,220587,0.773,0.75,8,-4.009,0,0.117,0.109,0.0,0.174,0.783,123.426,4
4Iedi94TIaB2GGb1nMB68v,beach,7,78,135960,0.856,0.564,6,-6.295,0,0.392,0.00327,0.0,0.134,0.483,77.972,4
4kbj5MwxO1bq9wjT5g9HaA,beach,6,85,199080,0.578,0.866,1,-3.804,1,0.0619,0.00701,0.0,0.257,0.619,128.038,4
0vR2rIVORmgeKiGIgNT0fV,beach,6,79,189672,0.733,0.96,7,-3.597,1,0.0295,0.0514,0.00199,0.287,0.811,124.01,4
18asYwWugKjjsihZ0YvRxO,beach,6,94,164819,0.754,0.763,7,-4.627,0,0.0435,0.0301,2.23e-05,0.0901,0.464,117.953,4
6ft4hAq6yde8jPZY2i5zLr,beach,6,84,167903,0.632,0.595,8,-7.644,0,0.0401,0.0689,0.0,0.209,0.435,124.114,4
7e89621JPkKaeDSTQ3avtg,beach,6,84,283800,0.596,0.605,7,-12.145,1,0.0255,0.181,0.000331,0.0863,0.886,97.798,4
2Gy7qnDwt8Z3MNxqat4CsK,beach,6,74,153205,0.392,0.629,5,-7.056,1,0.0335,0.718,3.76e-06,0.129,0.72,124.511,4
6Z8R6UsFuGXGtiIxiD8ISb,beach,6,86,192790,0.655,0.819,0,-4.852,1,0.0316,0.000176,0.00374,0.104,0.766,117.956,5
21jGcNKet2qwijlDFuPiPb,beach,6,89,215280,0.695,0.762,0,-3.497,1,0.0395,0.192,0.00244,0.0863,0.553,120.042,4
5fwSHlTEWpluwOM0Sxnh5k,beach,6,92,287120,0.762,0.766,7,-3.955,1,0.0343,0.00776,6.98e-05,0.128,0.442,130.001,4
3eJH2nAjvNXdmPfBkALiPZ,beach,6,87,139672,0.774,0.792,10,-4.021,1,0.0523,0.051,0.0,0.155,0.507,122.062,4
1xQ6trAsedVPCdbtDAmk0c,beach,6,82,171375,0.767,0.481,0,-8.52,0,0.0803,0.234,0.0,0.269,0.761,150.076,4
3DGar7krWlmrXRFHBcQF6z,beach,6,67,163636,0.734,0.765,7,-5.562,1,0.0621,0.151,0.0,0.231,0.518,109.989,4
2gpWyfu7eZ01zzncHpxOtA,beach,6,90,234000,0.542,0.659,8,-7.289,1,0.0389,0.00279,0.0,0.105,0.109,120.122,4
4RAR8g8fZNB106ezUurnE0,beach,6,85,215203,0.75,0.797,0,-4.826,1,0.118,0.293,0.0,0.392,0.523,105.949,4
0xfMlIW8lS40qvpsUw1l0X,beach,6,80,169945,0.836,0.846,0,-4.673,1,0.0392,0.0907,0.047,0.057,0.942,122.042,4
0JpEMzTHbt2zBIXrntrXzG,beach,6,83,186141,0.539,0.708,5,-6.189,1,0.0976,0.0129,0.0,0.14,0.381,123.039,4
5rX6C5QVvvZB7XckETNych,beach,6,76,297587,0.7,0.864,7,-3.629,1,0.0283,0.0212,0.0,0.0956,0.887,102.997,4
22mek4IiqubGD9ctzxc69s,beach,6,80,212640,0.738,0.868,11,-4.373,0,0.0731,0.0392,0.00169,0.388,0.336,122.003,4
61UQzeiIluhpzpMdY4ag3q,beach,6,76,259934,0.814,0.622,8,-7.573,1,0.0492,0.000132,0.72,0.0658,0.726,119.976,4
1fidCEsYlaVE3pHwKCvpFZ,beach,6,80,245867,0.729,0.675,8,-6.003,1,0.0312,0.175,1.58e-06,0.55,0.779,119.968,4
5iFQfP3AqVnHHS89LKQisL,beach,6,83,187682,0.662,0.807,10,-3.285,1,0.0411,0.293,3.55e-06,0.189,0.772,103.031,4
6Owc2SuzwO3LW1SAODYK3l,beach,6,81,167142,0.63,0.91,10,-2.681,0,0.058,0.0231,1.91e-06,0.125,0.525,123.017,4
7C1trmcQQ5n5RNy4l6ziCv,beach,6,77,186878,0.682,0.7,6,-5.591,1,0.0397,0.406,0.0,0.174,0.637,120.03,4
2bJvI42r8EF3wxjOuDav4r,beach,6,84,229360,0.721,0.802,1,-5.797,1,0.0583,0.0921,0.0,0.694,0.724,124.022,4
7yq4Qj7cqayVTp3FF9CWbm,beach,6,84,204280,0.484,0.731,1,-6.694,1,0.0379,0.431,0.0,0.151,0.51,101.654,4
1gihuPhrLraKYrJMAEONyc,beach,6,83,206413,0.707,0.924,7,-2.842,1,0.031,0.000972,0.00703,0.204,0.919,127.937,4
5nujrmhLynf4yMoMtj8AQF,beach,6,89,203064,0.702,0.825,6,-3.787,0,0.0601,0.00883,0.0,0.0674,0.915,102.977,4
2EBCVPNAG46nbgs6jXPGvv,beach,6,79,210627,0.747,0.716,11,-2.457,0,0.075,0.135,0.0,0.251,0.751,125.008,4
1zi7xx7UVEFkmKfv06H8x0,beach,6,88,173987,0.792,0.625,1,-5.609,1,0.0536,0.00776,0.0018,0.329,0.37,103.967,4
20on25jryn53hWghthWWW3,beach,6,94,157890,0.854,0.806,11,-8.262,0,0.0886,0.0209,0.0542,0.0703,0.637,124.927,4
6Dy1jexKYriXAVG6evyUTJ,beach,6,86,162604,0.787,0.833,8,-4.403,1,0.0478,0.018,0.00747,0.0374,0.796,123.97,4
0lQ2obtzmAsJu9xk3D6FqH,beach,6,76,182700,0.787,0.828,11,-3.579,0,0.0297,0.106,0.000605,0.105,0.544,119.953,4
6eCmK3GQyFuTNWCJHsaF9d,beach,6,78,179375,0.81,0.571,10,-7.189,0,0.085,0.0624,1.63e-06,0.094,0.771,125.994,4
3cHyrEgdyYRjgJKSOiOtcS,beach,6,84,204160,0.581,0.963,11,-4.087,1,0.0981,0.0295,0.0,0.139,0.788,129.992,4
4ZtFanR9U6ndgddUvNcjcG,beach,6,95,178147,0.563,0.664,9,-5.044,1,0.154,0.335,0.0,0.0849,0.688,166.928,4
6M6Tk58pQvABy6ru66dY3d,beach,6,72,191293,0.674,0.915,6,-3.999,0,0.0411,0.0282,0.00337,0.273,0.78,126.038,4
7dt6x5M1jzdTEt8oCbisTK,beach,6,84,231267,0.68,0.578,10,-5.804,1,0.04,0.331,0.0,0.135,0.341,145.038,4
43PGPuHIlVOc04jrZVh9L6,beach,6,82,165926,0.789,0.536,6,-6.862,1,0.242,0.41,0.0,0.129,0.437,81.039,4
44gRhRi2OhEf7moAUj6MD1,beach,6,73,252729,0.59,0.618,1,-5.756,1,0.334,0.0127,0.0,0.244,0.153,96.459,3
2bSk87AVkCIIC3Bcligq1z,beach,6,78,247055,0.716,0.541,1,-7.909,1,0.149,0.0021,0.0,0.115,0.387,139.978,4
2BJSMvOGABRxokHKB0OI8i,beach,6,83,153800,0.673,0.649,1,-8.433,0,0.196,0.188,0.0,0.122,0.47,153.075,4
1VLtjHwRWOVJiE5Py7JxoQ,beach,6,86,132833,0.832,0.534,1,-7.813,0,0.253,0.345,0.0,0.165,0.116,93.924,4
5R2rsbwCDXORX2tLfprRmM,beach,6,75,166343,0.721,0.508,7,-7.496,1,0.394,0.317,0.0,0.153,0.457,159.911,4
7eBqSVxrzQZtK2mmgRG6lC,beach,6,82,268434,0.759,0.73,0,-7.985,0,0.0516,0.145,3.06e-06,0.11,0.74,115.007,4
59J5nzL1KniFHnU120dQzt,beach,6,79,235535,0.785,0.62,8,-6.667,1,0.254,0.0138,0.0,0.15,0.478,78.477,4
0hwkukpHcBJfGcIUxi1tK2,beach,6,69,244506,0.834,0.621,7,-6.156,1,0.0821,0.0918,0.0,0.0759,0.613,140.05,4
4IowQDUOzUvNtp72HMDcKO,beach,6,69,246213,0.772,0.413,0,-8.193,0,0.089,0.0361,0.0,0.111,0.211,131.965,4
65jrjEhWfAvysKfnojk1i0,beach,5,71,161960,0.747,0.226,7,-13.635,1,0.0414,0.908,0.000168,0.107,0.778,123.792,4
1kKYjjfNYxE0YYgLa7vgVY,beach,5,73,228267,0.693,0.678,8,-7.159,1,0.0324,0.0151,5.71e-06,0.101,0.404,103.952,4
5K6Ssv4Z3zRvxt0P6EKUAP,beach,5,85,183726,0.595,0.784,1,-4.878,1,0.102,0.216,0.0,0.0608,0.479,124.111,4
0FDzzruyVECATHXKHFs9eJ,beach,5,84,267867,0.545,0.675,6,-6.474,1,0.0279,0.00617,0.00197,0.209,0.162,124.97,4
39IsH7B5byx8NRlEKlZVg9,beach,5,64,193613,0.703,0.868,7,-4.661,0,0.0291,0.15,0.132,0.104,0.733,121.03,4
5ow0sNF1zSqp71Ix5jEXWU,beach,5,65,164010,0.659,0.617,11,-5.862,0,0.0649,0.27,0.0,0.187,0.187,119.858,4
5JBtWpLoGO62gb5vax505b,beach,5,74,216092,0.689,0.797,11,-5.604,0,0.128,0.0537,0.0,0.212,0.855,117.982,4
6rPO02ozF3bM7NnOV4h6s2,beach,5,75,228827,0.653,0.816,2,-4.353,1,0.167,0.228,0.0,0.0967,0.816,178.085,4
4hI5PS8GWCftS1AUgNlJV1,urban,7,49,305863,0.866,0.651,1,-6.25,0,0.243,0.0258,0.0,0.21,0.492,140.103,4
4xkOaSrkexMciUUogZKVTS,urban,7,89,297787,0.548,0.847,1,-3.237,1,0.186,0.0622,0.0,0.0816,0.1,171.447,4
6lX6l7OuA3qrnIRfdsr0dw,urban,6,92,233453,0.787,0.7,4,-4.598,0,0.0768,0.568,0.00051,0.663,0.791,90.02,4
2JPLbjOn0wPCngEot2STUS,urban,6,93,206710,0.644,0.648,1,-4.601,1,0.118,0.276,0.0,0.135,0.44,179.951,4
7c5Ny3skYBWh5ByNpaUcZZ,urban,6,46,300967,0.901,0.525,5,-5.456,0,0.212,0.326,0.0,0.161,0.164,134.9,4
12upFOLFbpQ5nTENWm2Glj,urban,6,50,153916,0.933,0.639,10,-4.967,0,0.163,0.005,4.48e-06,0.0603,0.336,98.024,4
7iL6o9tox1zgHpKUfh9vuC,urban,6,85,193467,0.899,0.713,6,-2.752,0,0.366,0.255,0.0,0.0708,0.777,90.051,4
02M6vucOvmRfMxTXDUwRXu,urban,6,73,213507,0.747,0.705,9,-5.137,0,0.126,0.0128,0.0,0.126,0.56,136.024,4
39RRlNfnL18TNJ2i7XYxhH,urban,5,42,129715,0.597,0.609,11,-6.045,0,0.628,0.378,0.0,0.0954,0.408,99.226,4
4gzsuuZypVbxs0Af1LSZyB,urban,5,94,207301,0.639,0.703,4,-6.33,0,0.0794,0.0889,1.78e-06,0.0865,0.138,169.888,4
69oJmQ3NnWHQriYQ4L8dKa,urban,5,53,212581,0.791,0.75,9,-4.491,0,0.143,0.35,0.0,0.294,0.822,95.984,4
7uXAWHUWb9XiR7tXoLw4uD,urban,5,46,210248,0.769,0.648,5,-5.951,0,0.073,0.176,9.78e-05,0.133,0.708,121.018,4
7LPL4upF0pcso4mdHjVin8,urban,5,45,147750,0.91,0.754,6,-7.508,1,0.221,0.184,0.0,0.0726,0.785,128.0,4
67awxiNHNyjMXhVgsHuIrs,urban,5,74,213733,0.818,0.799,1,-4.1,0,0.156,0.00107,0.128,0.057,0.0815,100.014,4
5W1qmxHrMlQGGAiFA3ZQqP,urban,5,88,277693,0.562,0.755,7,-4.367,0,0.112,0.0967,2.25e-05,0.143,0.609,83.997,4
2g8HN35AnVGIk7B8yMucww,urban,5,81,252747,0.78,0.575,9,-7.247,0,0.273,0.43,0.0,0.143,0.773,84.492,4
1zrTET6hil9XNlRcSwRsV1,urban,5,45,278944,0.899,0.532,9,-6.014,1,0.0911,0.00431,0.0,0.102,0.375,95.02,4
4Li2WHPkuyCdtmokzW2007,urban,5,86,219333,0.789,0.858,1,-5.542,1,0.311,0.127,0.0,0.349,0.775,140.022,4
48AJSd42lXpicsGqcgopof,urban,4,89,192477,0.812,0.855,7,-3.725,1,0.0554,0.0789,0.000167,0.108,0.573,90.04,4
2gpQi3hbcUAcEG8m2dlgfB,urban,4,94,178203,0.583,0.834,0,-4.875,1,0.0444,0.0495,0.0,0.0658,0.557,173.935,4
4srcMdbm2qzVG98tJajHxp,urban,4,88,240413,0.83,0.739,7,-5.395,0,0.0627,0.136,2.11e-06,0.162,0.631,97.993,4
1ri9ZUkBJVFUdgwzCnfcYs,urban,4,96,226088,0.843,0.7,4,-3.563,0,0.0803,0.0934,0.0,0.14,0.899,93.991,4
1mrGEef8GuaEnDdw8J5BQp,urban,4,73,201507,0.405,0.837,8,-4.188,0,0.294,0.347,0.0,0.0901,0.655,74.966,1
0WKYRFtH6KKbaNWjsxqm70,urban,4,2,211493,0.549,0.853,7,-4.293,1,0.188,0.0285,0.000296,0.618,0.346,94.695,4
5GqBuGhnj9Km3LlOcaN101,urban,4,52,231864,0.539,0.669,9,-7.154,0,0.0559,0.202,0.0,0.547,0.689,118.065,4
10mqz0d6uiVNYa1ng4QlWl,urban,4,42,188788,0.758,0.682,6,-7.298,0,0.0501,0.222,5.73e-05,0.0829,0.554,100.987,4
5RR4sBH4TRqyFp386kf99d,urban,4,49,245729,0.504,0.659,2,-6.411,1,0.0927,0.135,0.0,0.376,0.0766,132.97,4
75L2KgB1DNkjY28GVB82nS,urban,4,48,347723,0.595,0.65,7,-5.931,0,0.186,0.29,0.0,0.134,0.333,78.209,4
1UUj1iScVn6wOXiBSyBhLn,urban,4,53,198545,0.731,0.661,5,-6.369,0,0.15,0.0612,4.9e-05,0.146,0.576,109.963,4
7c6DueTr5BfxnF4RvtEccH,urban,4,48,208837,0.798,0.607,11,-7.317,0,0.185,0.323,6.13e-05,0.106,0.653,119.908,4
1y1YFAf9maXPz5IVI50mEh,urban,4,42,180641,0.854,0.825,7,-6.403,1,0.0909,0.443,0.000226,0.1,0.822,125.023,4
1wS6eqgFznjq4P11vtBH7k,urban,4,48,214877,0.76,0.779,11,-6.675,0,0.092,0.021,3.61e-05,0.186,0.594,151.977,4
3M9QxRO9MGJuhk0fQhGhOn,urban,4,32,242110,0.583,0.456,11,-6.376,0,0.0577,0.114,0.0,0.113,0.421,139.04,4
6HoYqaTWEpeSyuMMgREvyg,urban,4,67,154240,0.801,0.58,6,-7.132,0,0.231,0.307,0.0,0.0814,0.642,95.014,4
5clFSlfkCRlhnH1cAQjSBi,urban,4,76,182187,0.709,0.726,7,-7.129,1,0.0411,0.0977,0.0,0.301,0.404,92.006,4
2yIt5SGOZCHE2PuzcXfOof,urban,4,53,280680,0.668,0.731,11,-5.942,0,0.11,0.0225,0.000497,0.184,0.406,193.986,4
40EDOraCqoiMf14TzODihf,urban,4,66,255987,0.847,0.873,8,-4.805,0,0.0804,0.0558,3.21e-06,0.325,0.966,116.007,4
0r2Bul2NuCViraT2zX1l5j,urban,4,77,334067,0.521,0.625,1,-7.47,1,0.067,0.0301,0.0,0.121,0.136,101.019,4
2gZUPNdnz5Y45eiGxpHGSc,urban,4,82,292093,0.542,0.914,0,-4.747,0,0.113,0.0161,0.0,0.744,0.576,153.993,4
6o3s08kk2fQI37vxGZDrJ1,urban,4,71,274387,0.835,0.757,8,-5.029,0,0.23,0.00647,0.0,0.29,0.626,82.038,4
1uXbwHHfgsXcUKfSZw5ZJ0,urban,4,76,236093,0.733,0.899,0,-4.237,1,0.143,0.00496,4.72e-05,0.372,0.76,127.086,4
27RSJHEA99Y0Vsow7nA37A,urban,4,82,208631,0.816,0.71,7,-3.728,1,0.0398,0.165,0.0,0.292,0.784,93.02,4
0G2zPzWqVjR68iNPmx2TBe,urban,4,89,273474,0.659,0.688,6,-4.649,1,0.0673,0.207,0.0,0.113,0.632,153.979,4
2xLMifQCjDGFmkHkpNLD9h,urban,4,85,312820,0.834,0.73,8,-3.714,1,0.222,0.00513,0.0,0.124,0.446,155.008,4
6gBFPUFcJLzWGx4lenP6h2,urban,4,87,243837,0.841,0.728,7,-3.37,1,0.0484,0.0847,0.0,0.149,0.43,130.049,4
7KwZNVEaqikRSBSpyhXK2j,urban,4,83,229827,0.901,0.697,9,-3.439,1,0.28,0.145,0.0,0.287,0.67,93.941,4
2cYqizR4lgvp4Qu6IQ3qGN,urban,4,81,190557,0.763,0.628,11,-5.85,1,0.05,0.0531,0.0,0.114,0.193,140.958,4
1xzBco0xcoJEDXktl7Jxrr,urban,4,81,183907,0.729,0.625,4,-5.266,1,0.0315,0.194,0.00986,0.248,0.261,146.034,4
7N1Vjtzr1lmmCW9iasQ8YO,urban,4,73,224533,0.813,0.703,11,-5.077,0,0.268,0.125,1.26e-06,0.237,0.241,94.828,4
33ZXjLCpiINn8eQIDYEPTD,urban,4,78,325507,0.763,0.786,10,-6.472,0,0.229,0.0146,0.0114,0.0817,0.504,93.857,4
6NSMQFKgjpQb0KkjMDYIK0,urban,4,77,264000,0.815,0.514,6,-9.446,0,0.361,0.54,0.0,0.611,0.623,120.054,4
2fQrGHiQOvpL9UgPvtYy6G,urban,4,81,220307,0.884,0.347,8,-8.227,0,0.35,0.015,7e-06,0.0871,0.376,75.016,4
4dVpf9jZjcORqGTLUaeYj9,urban,4,78,173600,0.797,0.844,11,-5.482,1,0.275,0.0651,0.0,0.087,0.52,170.142,4
7Cye3UbCA6UNuDykdCf3AB,urban,4,74,206472,0.625,0.45,9,-9.985,1,0.0311,0.0776,0.000217,0.117,0.0362,92.974,3
3PcrNUFsSYnkJJNE6roBKl,urban,4,70,196827,0.677,0.655,7,-5.541,1,0.0433,0.0027,0.276,0.162,0.146,100.119,4
77DMKSy81rEgMqCz5mgfIf,urban,4,8,272300,0.664,0.442,8,-10.28,0,0.101,0.224,0.921,0.16,0.448,117.781,4
0UaMYEvWZi0ZqiDOoHU3YI,urban,4,71,226864,0.904,0.813,4,-7.105,0,0.121,0.0311,0.00697,0.0471,0.81,125.461,4
4fzsfWzRhPawzqhX8Qt9F3,urban,4,63,311867,0.617,0.717,10,-7.858,0,0.153,0.00564,0.0,0.408,0.49,103.992,4
27NovPIUIRrOZoCHxABJwK,urban,4,94,212000,0.736,0.704,3,-7.409,0,0.0615,0.0203,0.0,0.0501,0.894,149.995,4
1XXimziG1uhM0eDNCZCrUl,urban,4,79,156945,0.868,0.795,11,-6.044,1,0.269,0.0012,0.0193,0.0461,0.819,166.0,4
58q2HKrzhC3ozto2nDdN4z,urban,4,83,253390,0.816,0.726,5,-3.998,0,0.129,0.099,0.0,0.372,0.65,136.048,4
1zzxoZVylsna2BQB65Ppcb,urban,4,74,217587,0.761,0.899,10,-3.09,0,0.183,0.0135,0.0,0.0719,0.673,95.027,4
0GuKsvyFlBUVndA8X8JFQ9,urban,4,48,199399,0.786,0.69,1,-4.682,1,0.147,0.106,0.0,0.181,0.389,100.008,4
4CXKcKWfl6bgrbcdu7Ohlg,urban,4,47,144130,0.765,0.811,7,-7.313,1,0.194,0.0141,0.0,0.113,0.677,117.943,4
31b8qL6bwEP7qJLAc4Rfzs,urban,4,40,170959,0.764,0.631,7,-7.165,0,0.0835,0.5,0.0,0.139,0.348,124.977,4
1XvdcgcUlqlSW5XBOYy6zC,urban,4,26,237422,0.383,0.915,6,-3.841,1,0.182,0.000406,0.666,0.189,0.193,191.542,4
2Pr6qNmiOxTdo8B6bs8x8x,urban,4,65,280467,0.598,0.65,7,-14.281,1,0.0402,0.019,0.0482,0.0775,0.595,90.673,4
7sO5G9EABYOXQKNPNiE9NR,urban,3,85,172800,0.88,0.428,9,-8.28,1,0.206,0.149,5.05e-05,0.114,0.333,100.007,4
03tqyYWC9Um2ZqU0ZN849H,urban,3,80,263773,0.76,0.595,1,-6.366,1,0.0391,0.00544,0.0,0.241,0.361,131.497,4
4kNvYhyl8R6m1vykVkcuBu,urban,3,0,270867,0.67,0.515,1,-6.977,1,0.397,0.0705,0.0,0.25,0.422,122.006,4
2d8JP84HNLKhmd6IYOoupQ,urban,3,77,222093,0.746,0.873,7,-3.803,1,0.128,0.0244,0.0,0.354,0.817,148.075,4
7l3E7lcozEodtVsSTCkcaA,urban,3,28,228654,0.861,0.637,8,-5.692,0,0.24,0.0515,3.35e-06,0.0967,0.474,98.044,4
6rUcS9i07F6okIe8wujs5J,urban,3,64,246013,0.741,0.658,7,-7.758,1,0.0853,0.643,3.43e-06,0.307,0.746,142.057,4
0wCC06ziWEkYOif44iFggw,urban,3,50,248533,0.682,0.513,1,-6.312,0,0.396,0.0128,0.0,0.212,0.338,130.085,4
2SJZdZ5DLtlRosJ2xHJJJa,urban,3,80,204003,0.721,0.463,1,-9.483,0,0.0646,0.241,0.0,0.0929,0.216,137.915,3
1O2pcBJGej0pmH2Y9XZMs6,urban,3,94,153750,0.87,0.548,10,-5.253,0,0.077,0.0924,4.6e-05,0.0534,0.832,96.018,4
2rDZhKnPaPG054ExZ6nXUS,urban,3,91,176143,0.796,0.68,10,-5.555,0,0.37,0.0575,0.000683,0.103,0.71,179.923,4
1xqbfjRuUw0ot43wgBuVkt,urban,3,83,209147,0.776,0.629,0,-6.09,1,0.0505,0.0268,0.0,0.114,0.104,97.066,4
1sJCxmtHVDHjgwXwdHYFWn,urban,3,74,167619,0.747,0.722,11,-5.065,0,0.055,0.067,0.0,0.137,0.318,125.96,4
2Q4MRMnSAMckugCtR5jgXT,urban,3,84,193013,0.729,0.737,2,-3.727,0,0.064,0.275,7.58e-06,0.137,0.369,91.99,4
5ZauIeuBfvOCpBDZwEduaE,urban,3,50,161377,0.561,0.664,11,-6.98,0,0.296,0.142,1.72e-05,0.312,0.678,139.458,4
3xLgpixCKiEXyrBxpNJwga,urban,3,42,169580,0.932,0.721,7,-4.383,1,0.235,0.261,0.0,0.0593,0.617,105.032,4
1rExu7075LZrpDfT0Cg8Kk,urban,3,48,163992,0.811,0.681,1,-6.017,0,0.134,0.0953,0.00165,0.187,0.809,155.074,4
5qaaQp6KvkEdB2q7SKQAcJ,urban,3,60,148942,0.922,0.708,8,-5.618,0,0.262,0.281,0.000168,0.279,0.732,104.055,4
50S1qzDaxqpL0FH8rhtxZ7,urban,3,42,166640,0.857,0.592,1,-6.767,0,0.381,0.181,0.0,0.111,0.77,159.901,4
0DjoEWNm4HNqu0JmvlIPcI,urban,3,41,170145,0.743,0.635,3,-6.693,0,0.358,0.395,5.95e-06,0.0721,0.574,104.786,4
4TQVQFkPbpgixmwZ7KWnX3,urban,3,35,208163,0.514,0.767,11,-4.144,0,0.464,0.171,0.0,0.194,0.415,94.927,4
4Mh5wGoyhpzYECcGdmXTmc,urban,3,48,172869,0.867,0.617,0,-4.193,0,0.365,0.349,0.0,0.0553,0.512,124.94,4
2ckqPVu69e9n1RAuSep2NQ,urban,3,44,139270,0.71,0.87,0,-5.356,1,0.307,0.215,0.0,0.084,0.166,137.055,4
6LDCpaEEwymjW8Fj3l896N,urban,3,38,160661,0.894,0.743,6,-6.659,0,0.0831,0.0246,0.00342,0.28,0.46,107.99,4
35eqZaftqsPaMepLdDwAu4,urban,3,45,144500,0.735,0.637,0,-4.532,0,0.0913,0.0439,0.0,0.0805,0.261,119.801,4
3g1yNMutQGZUmcaVArVaf2,urban,3,36,163554,0.826,0.617,7,-5.571,0,0.0589,0.382,0.0,0.135,0.785,114.026,4
781hm63hoGyBWLz0eVGmSQ,urban,3,42,180321,0.779,0.469,2,-9.094,1,0.322,0.311,0.0,0.209,0.523,139.925,4
261Jxss9utRCMg11TWEU8M,urban,3,64,230545,0.7,0.596,2,-4.943,1,0.108,0.024,0.0,0.114,0.67,171.938,4
6bQ5823aHmFVKLZW8E7rRo,urban,3,82,200337,0.789,0.837,10,-3.247,1,0.23,0.125,0.0,0.209,0.476,81.536,4
4kiTIRY4o3o9on5oYV584L,urban,3,76,220253,0.726,0.601,11,-4.799,0,0.357,0.102,0.0,0.257,0.471,179.694,4
0Bv7O6fmZk3GrNQFYJaXPn,urban,3,90,413111,0.672,0.745,5,-5.269,0,0.3,0.438,9.29e-06,0.0699,0.739,173.974,4
2nj9sRoyFnd6YlJ3M2o1rT,urban,3,73,201818,0.746,0.637,0,-5.791,0,0.111,0.127,0.0,0.146,0.598,88.1,4
2Gq636OOGgxCTqEuzCZhsa,urban,3,90,160000,0.656,0.823,1,-3.059,0,0.315,0.47,0.0,0.103,0.755,96.474,4
4TGwERXRlyQtBdggYTHo6j,urban,3,87,260000,0.7,0.438,5,-5.784,0,0.0433,0.401,0.0,0.373,0.605,170.106,3
5rb9QrpfcKFHM1EUbSIurX,night_life,17,85,250373,0.894,0.791,2,-4.699,1,0.112,0.0183,0.0,0.0388,0.583,105.018,4
0CAfXk7DXMnon4gLudAp7J,night_life,14,84,231400,0.918,0.609,10,-5.64,0,0.0791,0.0928,0.0,0.139,0.304,128.008,4
3bidbhpOYeV4knp8AIu8Xn,night_life,13,85,258343,0.641,0.922,2,-4.457,1,0.0786,0.0291,0.0,0.0862,0.847,146.078,4
2CEgGE6aESpnmtfiZwYlbV,night_life,13,84,202613,0.751,0.783,4,-3.724,1,0.0859,0.00379,0.0,0.036,0.816,119.975,4
4cG7HUWYHBV6R6tHn1gxrl,night_life,11,87,169153,0.824,0.862,2,-3.424,1,0.126,0.0076,0.000132,0.303,0.801,122.98,4
4QNpBfC0zvjKqPJcyqBy9W,night_life,11,85,252307,0.671,0.939,8,-3.206,1,0.161,0.191,0.0,0.298,0.53,129.024,4
0k2GOhqsrxDTAbFFSdNJjT,night_life,11,82,218573,0.951,0.6,0,-4.675,0,0.0685,0.106,0.0,0.0712,0.822,125.04,4
4356Typ82hUiFAynbLYbPn,night_life,10,83,220800,0.663,0.861,7,-3.398,0,0.109,0.0338,0.0,0.082,0.654,119.963,4
2bJvI42r8EF3wxjOuDav4r,night_life,10,84,229360,0.721,0.802,1,-5.797,1,0.0583,0.0921,0.0,0.694,0.724,124.022,4
24Yi9hE78yPEbZ4kxyoXAI,night_life,10,84,176840,0.77,0.724,8,-5.484,1,0.0495,0.0167,0.0107,0.353,0.898,121.975,4
0ByMNEPAPpOR5H69DVrTNy,night_life,10,81,267080,0.835,0.669,6,-5.582,0,0.0643,0.0336,6.92e-05,0.0535,0.542,122.668,4
3ZFTkvIE7kyPt6Nu3PEa7V,night_life,10,86,218093,0.778,0.824,10,-5.892,0,0.0707,0.284,0.0,0.405,0.758,100.024,4
7ks6AZmFcm3Y6PGGxGSmlB,night_life,9,76,194840,0.666,0.876,3,-3.078,1,0.0414,0.055,0.0,0.259,0.552,129.884,4
3cHyrEgdyYRjgJKSOiOtcS,night_life,9,84,204160,0.581,0.963,11,-4.087,1,0.0981,0.0295,0.0,0.139,0.788,129.992,4
6Dy1jexKYriXAVG6evyUTJ,night_life,8,86,162604,0.787,0.833,8,-4.403,1,0.0478,0.018,0.00747,0.0374,0.796,123.97,4
4E5P1XyAFtrjpiIxkydly4,night_life,8,79,182307,0.706,0.751,9,-6.323,1,0.0708,0.173,0.0,0.168,0.195,91.031,4
2s5YN9O8Qv25BjQobPHWVZ,night_life,8,0,219307,0.431,0.862,7,-7.005,0,0.428,0.00618,0.0,0.322,0.696,124.93,4
7mitXLIMCflkhZiD34uEQI,night_life,8,76,262147,0.751,0.736,5,-4.168,0,0.156,0.0206,0.0,0.265,0.352,130.014,4
0C4ejWmOTMv8vuYj85mf8m,night_life,7,77,243533,0.767,0.682,1,-5.02,1,0.042,0.0113,0.00016,0.104,0.833,127.975,4
2iJuuzV8P9Yz0VSurttIV5,night_life,7,82,283400,0.772,0.685,5,-6.849,1,0.0696,0.019,8.96e-05,0.131,0.501,130.033,4
7iL6o9tox1zgHpKUfh9vuC,night_life,7,85,193467,0.899,0.713,6,-2.752,0,0.366,0.255,0.0,0.0708,0.777,90.051,4
18asYwWugKjjsihZ0YvRxO,night_life,7,94,164819,0.754,0.763,7,-4.627,0,0.0435,0.0301,2.23e-05,0.0901,0.464,117.953,4
6ebkx7Q5tTxrCxKq4GYj0Y,night_life,7,80,234560,0.616,0.869,0,-3.911,1,0.0327,0.0283,0.0,0.064,0.473,127.966,4
0O45fw2L5vsWpdsOdXwNAR,night_life,7,81,242733,0.967,0.583,7,-5.562,0,0.0789,0.0584,0.0,0.0519,0.964,117.0,4
04KTF78FFg8sOHC1BADqbY,night_life,7,79,228240,0.956,0.745,11,-4.753,0,0.12,0.206,0.0,0.0615,0.912,107.075,4
2LEF1A8DOZ9wRYikWgVlZ8,night_life,7,80,248133,0.706,0.89,1,-4.444,0,0.0688,0.0588,0.00286,0.306,0.684,128.011,4
6jEZLz3YpnEBRpVkv35AmP,night_life,6,17,192600,0.857,0.801,0,-6.499,1,0.0618,0.332,1.2e-06,0.0789,0.753,96.009,4
5fwSHlTEWpluwOM0Sxnh5k,night_life,6,92,287120,0.762,0.766,7,-3.955,1,0.0343,0.00776,6.98e-05,0.128,0.442,130.001,4
3iw6V4LH7yPj1ESORX9RIN,night_life,6,80,116750,0.722,0.893,0,-3.255,0,0.0475,0.0441,0.000937,0.0673,0.439,119.932,4
2USlegnFJLrVLpoVfPimKB,night_life,6,88,160000,0.67,0.896,1,-4.673,1,0.058,0.0342,3.21e-05,0.344,0.403,101.216,3
0b18g3G5spr4ZCkz7Y6Q0Q,night_life,6,85,186210,0.758,0.913,6,-2.926,0,0.113,0.00364,6.92e-05,0.193,0.658,128.04,4
5pmL3RzOy3IvGFaSDi4hZL,night_life,6,77,244907,0.606,0.883,3,-3.243,1,0.0423,0.00872,0.0,0.0698,0.608,128.053,4
3GpbwCm3YxiWDvy29Uo3vP,night_life,6,78,204640,0.72,0.672,7,-6.852,1,0.0551,0.009,0.0,0.232,0.705,124.986,4
62zFEHfAYl5kdHYOivj4BC,night_life,6,78,227280,0.67,0.855,0,-3.035,0,0.0499,0.0124,0.0,0.335,0.648,120.05,4
7ElF5zxOwYP4qVSWVvse3W,night_life,6,78,201547,0.607,0.934,3,-4.217,1,0.0314,0.0327,0.0,0.0909,0.568,122.01,4
1dzQoRqT5ucxXVaAhTcT0J,night_life,6,80,241933,0.822,0.739,1,-4.541,0,0.0311,0.0264,4.26e-05,0.181,0.745,118.992,4
58q2HKrzhC3ozto2nDdN4z,night_life,6,83,253390,0.816,0.726,5,-3.998,0,0.129,0.099,0.0,0.372,0.65,136.048,4
20on25jryn53hWghthWWW3,night_life,6,94,157890,0.854,0.806,11,-8.262,0,0.0886,0.0209,0.0542,0.0703,0.637,124.927,4
0E9ZjEAyAwOXZ7wJC0PD33,night_life,6,82,184560,0.694,0.77,6,-5.335,1,0.149,0.176,1.1e-05,0.118,0.163,125.905,4
5YaskwnGDZFDRipaqzbwQx,night_life,6,84,150053,0.669,0.784,7,-5.603,1,0.112,0.194,6.28e-06,0.115,0.517,125.993,4
6f3Slt0GbA2bPZlz0aIFXN,night_life,6,88,164000,0.798,0.62,8,-7.079,0,0.232,0.414,0.0192,0.112,0.235,120.031,4
0DiWol3AO6WpXZgp0goxAV,night_life,6,80,320357,0.613,0.697,2,-8.618,1,0.133,0.0194,0.0,0.332,0.476,122.746,4
2V65y3PX4DkRhy1djlxd9p,night_life,6,80,212862,0.612,0.84,11,-3.145,0,0.0509,0.112,0.0,0.116,0.438,129.042,4
49FYlytm3dAAraYgpoJZux,night_life,6,85,275987,0.583,0.829,1,-4.603,1,0.134,0.00864,0.0,0.0426,0.575,174.028,4
32OlwWuMpZ6b0aN2RZOeMS,night_life,6,85,269667,0.856,0.609,0,-7.223,1,0.0824,0.00801,8.15e-05,0.0344,0.928,114.988,4
127uq83uGFapbddqiMUKky,night_life,6,79,195853,0.813,0.627,11,-5.018,0,0.0486,0.0771,0.000616,0.131,0.801,130.011,4
5tXyNhNcsnn7HbcABntOSf,night_life,6,0,222160,0.666,0.878,7,-2.85,0,0.0973,0.03,0.0,0.0828,0.669,119.932,4
6cx06DFPPHchuUAcTxznu9,night_life,6,85,166028,0.734,0.874,8,-3.158,1,0.0662,0.168,1.14e-05,0.0489,0.905,122.953,4
2TH65lNHgvLxCKXM3apjxI,night_life,6,85,250534,0.61,0.624,2,-4.773,1,0.309,0.6,2.12e-06,0.243,0.244,176.169,4
5w9c2J52mkdntKOmRLeM2m,night_life,6,82,193227,0.737,0.86,8,-2.652,0,0.0593,0.11,1.94e-06,0.0574,0.656,93.989,4
5OMwQFBcte0aWFJFqrr5oj,night_life,6,0,199693,0.755,0.832,2,-2.741,0,0.116,0.0746,1.27e-06,0.291,0.735,120.032,4
5IVuqXILoxVWvWEPm82Jxr,night_life,6,80,236133,0.646,0.77,2,-6.596,0,0.226,0.00249,0.0,0.0715,0.681,99.165,4
6YUTL4dYpB9xZO5qExPf05,night_life,6,85,222533,0.596,0.856,4,-3.556,0,0.0346,0.0211,0.0178,0.141,0.743,127.949,4
2Cd9iWfcOpGDHLz6tVA3G4,night_life,6,81,202627,0.766,0.873,11,-6.381,0,0.143,0.00627,0.0,0.0764,0.743,126.988,4
3E7dfMvvCLUddWissuqMwr,night_life,6,82,202067,0.652,0.698,10,-4.667,0,0.042,0.00112,0.000115,0.0886,0.47,96.021,4
3dPvQLKl42dMYWV4LWRTLK,night_life,5,68,203076,0.775,0.886,6,-6.68,0,0.0476,0.589,7.71e-06,0.0991,0.939,172.013,4
0VjIjW4GlUZAMYd2vXMi3b,night_life,5,94,200040,0.514,0.73,1,-5.934,1,0.0598,0.00146,9.54e-05,0.0897,0.334,171.005,4
2gam98EZKrF9XuOkU13ApN,night_life,5,86,242293,0.808,0.97,10,-6.098,0,0.0506,0.0569,6.13e-05,0.154,0.868,114.328,4
2WfaOiMkCvy7F5fcp2zZ8L,night_life,5,86,225280,0.573,0.902,6,-7.638,0,0.054,0.018,0.00125,0.0928,0.876,84.412,4
2ahnofp2LbBWDXcJbMaSTu,night_life,5,73,270373,0.683,0.772,7,-7.907,0,0.0311,0.0222,0.0149,0.203,0.737,123.871,4
46nvQpUDsxpS08UTFOeKTA,night_life,5,83,165524,0.539,0.715,11,-6.639,0,0.0595,0.0265,0.0,0.609,0.489,123.854,4
0JhKJg5ejeQ8jq89UQtnw8,night_life,5,1,199904,0.62,0.881,1,-5.851,0,0.0372,0.0585,0.714,0.311,0.415,126.035,4
4kLLWz7srcuLKA7Et40PQR,night_life,5,84,289133,0.743,0.766,0,-6.375,1,0.0265,0.0873,0.0,0.509,0.61,127.96,4
6C7RJEIUDqKkJRZVWdkfkH,night_life,5,1,311867,0.625,0.726,10,-7.731,0,0.155,0.00728,0.0,0.318,0.483,103.98,4
4Li2WHPkuyCdtmokzW2007,night_life,5,86,219333,0.789,0.858,1,-5.542,1,0.311,0.127,0.0,0.349,0.775,140.022,4
2kQuhkFX7uSVepCD3h29g5,night_life,5,81,212360,0.939,0.742,5,-5.171,0,0.0467,0.321,0.0,0.107,0.924,118.978,4
20McUFi8KCIVdNDLrkTDuZ,night_life,5,80,163208,0.767,0.659,1,-7.429,1,0.0444,0.325,0.0,0.13,0.439,124.946,4
12N23tQKmfGcEO0z8ObwtM,night_life,5,73,194332,0.609,0.8,11,-5.102,0,0.0337,0.0992,0.00132,0.0887,0.192,126.031,4
6GomT970rCOkKAyyrwJeZi,night_life,5,85,157445,0.848,0.821,2,-5.408,0,0.0527,0.0169,0.000403,0.0962,0.249,125.051,4
4uDhts78RdwIDjEqPrYVKp,night_life,5,80,138819,0.766,0.817,7,-4.253,1,0.035,0.0239,2.49e-06,0.159,0.43,125.033,4
7CHi4DtfK4heMlQaudCuHK,night_life,5,81,168387,0.598,0.526,10,-8.659,0,0.0415,0.129,0.0,0.14,0.529,123.935,4
0r2Bul2NuCViraT2zX1l5j,night_life,5,77,334067,0.521,0.625,1,-7.47,1,0.067,0.0301,0.0,0.121,0.136,101.019,4
0nrRP2bk19rLc0orkWPQk2,night_life,5,88,247427,0.532,0.783,2,-5.697,1,0.0523,0.0038,0.0012,0.161,0.643,124.08,4
2Fxmhks0bxGSBdJ92vM42m,night_life,5,87,194088,0.701,0.425,7,-10.965,1,0.375,0.328,0.13,0.1,0.562,135.128,4
2EBCVPNAG46nbgs6jXPGvv,night_life,5,79,210627,0.747,0.716,11,-2.457,0,0.075,0.135,0.0,0.251,0.751,125.008,4
4fixebDZAVToLbUCuEloa2,night_life,5,80,224400,0.724,0.695,11,-5.226,1,0.0622,0.073,0.0,0.0889,0.235,139.0,4
0xfMlIW8lS40qvpsUw1l0X,night_life,5,80,169945,0.836,0.846,0,-4.673,1,0.0392,0.0907,0.047,0.057,0.942,122.042,4
4TsmezEQVSZNNPv5RJ65Ov,night_life,5,81,246960,0.779,0.64,7,-8.415,1,0.159,0.000155,0.00077,0.101,0.498,99.019,4
7LP4Es66zdY7CyjepqmvAg,night_life,5,4,212107,0.657,0.695,2,-4.493,1,0.0321,0.0108,0.0,0.0822,0.683,65.997,4
0Hf4aIJpsN4Os2f0y0VqWl,night_life,5,81,229507,0.673,0.758,7,-3.632,1,0.158,0.039,0.0,0.341,0.542,135.956,4
2bLqfJjuC5syrsgDsZfGmn,night_life,5,83,179120,0.731,0.807,3,-6.492,0,0.1,0.181,0.751,0.319,0.765,114.759,4
0HPD5WQqrq7wPWR7P7Dw1i,night_life,5,84,199693,0.755,0.837,2,-2.718,0,0.142,0.0991,0.0,0.289,0.714,120.028,4
2gpWyfu7eZ01zzncHpxOtA,night_life,5,90,234000,0.542,0.659,8,-7.289,1,0.0389,0.00279,0.0,0.105,0.109,120.122,4
6JV2JOEocMgcZxYSZelKcc,night_life,5,80,236002,0.666,0.83,0,-5.715,1,0.0751,0.0123,0.0,0.191,0.702,113.03,4
6kex4EBAj0WHXDKZMEJaaF,night_life,5,79,216409,0.696,0.817,1,-3.862,1,0.109,0.075,0.0,0.187,0.782,98.064,4
5AyL2kgLtTWEu3qO3B9SqK,night_life,5,77,216893,0.435,0.837,3,-8.126,1,0.449,0.00676,0.0,0.117,0.778,124.913,4
5nujrmhLynf4yMoMtj8AQF,night_life,5,89,203064,0.702,0.825,6,-3.787,0,0.0601,0.00883,0.0,0.0674,0.915,102.977,4
2Foc5Q5nqNiosCNqttzHof,night_life,5,86,248413,0.794,0.811,6,-8.966,0,0.038,0.0426,1.07e-06,0.101,0.862,116.047,4
0PH49SrRKOFVWF81PobhW6,night_life,4,71,166401,0.753,0.806,2,-2.782,1,0.0436,0.673,0.0,0.244,0.771,156.026,4
2SUPbyD77tJuOUbqbxct6l,night_life,4,67,147876,0.593,0.932,8,-2.324,1,0.0526,0.302,0.0,0.133,0.913,171.977,4
0WlmiIK5qFQ4dAB4mCA4sI,night_life,4,67,169773,0.533,0.915,3,-2.337,0,0.047,0.324,0.0,0.0891,0.967,167.927,4
200MELMFIVTTctrcZBOjIB,night_life,4,53,143651,0.73,0.85,10,-4.075,0,0.0492,0.479,0.0,0.0553,0.924,163.946,4
1T3hcBQRwacjWLuJJFt8co,night_life,4,64,197233,0.667,0.872,6,-3.42,0,0.0643,0.179,0.0,0.106,0.94,163.961,4
3xuyh4bAIuN0oIWPMqoXog,night_life,4,59,169844,0.672,0.925,0,-4.736,1,0.0409,0.0148,0.0,0.0942,0.674,123.031,4
09ktZFBllFj5O2Fg07yqOO,night_life,4,53,179946,0.742,0.745,11,-6.0,0,0.036,0.0271,0.0,0.0722,0.724,123.965,4
4qfRVjN1pI0LrKRNxQ1JwQ,night_life,4,54,190017,0.845,0.475,0,-14.974,1,0.0389,0.394,7.77e-05,0.21,0.948,131.993,4
68HocO7fx9z0MgDU0ZPHro,night_life,4,87,215687,0.628,0.676,6,-4.227,1,0.0424,0.393,6.94e-05,0.0978,0.723,78.996,4
1TfqLAPs4K3s2rJMoCokcS,night_life,4,84,216933,0.692,0.711,0,-7.498,0,0.0317,0.225,0.0,0.12,0.875,125.135,4
7qEHsqek33rTcFNT9PFqLf,night_life,4,88,182161,0.501,0.405,1,-5.679,1,0.0319,0.751,0.0,0.105,0.446,109.891,4
4ASOMWcJUrwEpjJy4GEijz,night_life,4,76,196900,0.685,0.911,9,-4.977,1,0.144,0.00552,0.0247,0.285,0.351,128.02,4
